"hfpxzc href","qBF1Pd","MW4etd","UY7F9","W4Efsd","W4Efsd 2","W4Efsd 3","W4Efsd 4","W4Efsd 5","FQ2IWe src","ah5Ghc","M4A5Cf","ah5Ghc 2"
"","","","","","","","","","","","",""
"","","","","","","","","","","","",""
"https://www.google.co.th/maps/place/%E0%B8%A3%E0%B9%89%E0%B8%B2%E0%B8%99%E0%B8%A5%E0%B8%A1%E0%B9%82%E0%B8%8A%E0%B8%A2+%E0%B8%93+%E0%B8%99%E0%B8%84%E0%B8%A3%E0%B8%9E%E0%B8%99%E0%B8%A1/data=!4m7!3m6!1s0x313c0c13d12ea70b:0xb729b948f6e61b48!8m2!3d17.3840598!4d104.7342032!16s%2Fg%2F11g8w0vt8n!19sChIJC6cu0RMMPDERSBvm9ki5Kbc?authuser=0&hl=th&rclk=1","ร้านลมโชย ณ นครพนม","4.3","(50)","ร้านอาหาร","·","9PMM+JMG","เปิด","⋅ ปิด 00:00","https://lh5.googleusercontent.com/p/AF1QipPLzcFJrThLjeFpS6s0_aNqIo8ryZwuRTflBF6o=w124-h92-k-no","นั่งรับประทานที่ร้าน","·","สั่งกลับบ้าน"
"https://www.google.co.th/maps/place/%E0%B8%99%E0%B8%84%E0%B8%A3%E0%B8%9E%E0%B8%99%E0%B8%A1%E0%B8%9B%E0%B8%B2%E0%B8%A3%E0%B9%8C%E0%B8%84%E2%80%8B+%E0%B8%84%E0%B8%B2%E0%B9%80%E0%B8%9F%E0%B9%88%26%E0%B8%9A%E0%B8%B2%E0%B8%A3%E0%B9%8C/data=!4m7!3m6!1s0x313c0dc332fc5aa9:0x4daa2e10e876bc59!8m2!3d17.3826832!4d104.7320888!16s%2Fg%2F11sm8tvz5t!19sChIJqVr8MsMNPDERWbx26BAuqk0?authuser=0&hl=th&rclk=1","นครพนมปาร์ค​ คาเฟ่&บาร์","4.4","(75)","ร้านอาหาร","·","·","เปิด","⋅ ปิด 22:00","https://lh5.googleusercontent.com/p/AF1QipPZBMgbmVeSszFycXgdOmiE4zvTJKXRMigbu2Zx=w122-h92-k-no","นั่งรับประทานที่ร้าน","·","สั่งกลับบ้าน"
"https://www.google.co.th/maps/place/%E0%B8%A3%E0%B9%89%E0%B8%B2%E0%B8%99%E0%B8%AD%E0%B8%B2%E0%B8%AB%E0%B8%B2%E0%B8%A3%E0%B8%84%E0%B8%A3%E0%B8%B1%E0%B8%A7%E0%B8%84%E0%B8%B8%E0%B8%93%E0%B8%9B%E0%B8%B9%E0%B9%88%E2%80%8B+%E0%B8%AA%E0%B8%B2%E0%B8%82%E0%B8%B2%E0%B8%9A%E0%B9%89%E0%B8%B2%E0%B8%99%E2%80%8B%E0%B9%80%E0%B8%99%E0%B8%B4%E0%B8%99%E2%80%8B%E0%B8%AA%E0%B8%B0%E0%B8%AD%E0%B8%B2%E0%B8%94%E2%80%8B/data=!4m7!3m6!1s0x313c0c74bba3117b:0xa6446935f8e0046e!8m2!3d17.3946442!4d104.7277737!16s%2Fg%2F11h9__d3y6!19sChIJexGju3QMPDERbgTg-DVpRKY?authuser=0&hl=th&rclk=1","ร้านอาหารครัวคุณปู่​ สาขาบ้าน​เนิน​สะอาด​","5.0","(2)","ร้านอาหาร","·","9PVH+V42","เปิด","⋅ ปิด 23:45","https://lh5.googleusercontent.com/p/AF1QipPs-4RItZhL6B-AshmsFEaRv7ic_XvF1lOt5X9A=w122-h92-k-no","นั่งรับประทานที่ร้าน","·","สั่งกลับบ้าน"
"https://www.google.co.th/maps/place/%E0%B9%80%E0%B8%AE%E0%B8%B7%E0%B8%AD%E0%B8%99%E0%B8%AA%E0%B8%A7%E0%B8%99/data=!4m7!3m6!1s0x313c0dfc67a29b41:0xb14d62b92a495b35!8m2!3d17.36625!4d104.7339722!16s%2Fg%2F11fm4rk0qv!19sChIJQZuiZ_wNPDERNVtJKrliTbE?authuser=0&hl=th&rclk=1","เฮือนสวน","5.0","(1)","ร้านอาหาร","·","9P8M+GH5 2033","เปิด","⋅ ปิด 21:00","https://lh5.googleusercontent.com/p/AF1QipOmtMbXjf24AYlGZrjAQ8Z2neAwJjuIMcyePUYH=w80-h106-k-no","นั่งรับประทานที่ร้าน","·","สั่งกลับบ้าน"
"https://www.google.co.th/maps/place/%E0%B8%A3%E0%B9%89%E0%B8%B2%E0%B8%99+%E0%B8%82%E0%B9%89%E0%B8%B2%E0%B8%A7%E0%B8%9B%E0%B8%B8%E0%B9%89%E0%B8%99%E0%B8%95%E0%B8%B2%E0%B8%AB%E0%B8%A1%E0%B8%B2%E0%B8%A2%E0%B8%94%E0%B8%AD%E0%B8%99%E0%B8%A2%E0%B8%B2%E0%B8%99%E0%B8%B2%E0%B8%87/data=!4m7!3m6!1s0x313c0d8bc9a1bc83:0x19ea9e3cb34e5e79!8m2!3d17.3838912!4d104.7090449!16s%2Fg%2F11k5pz5b15!19sChIJg7yhyYsNPDEReV5Oszye6hk?authuser=0&hl=th&rclk=1","ร้าน ข้าวปุ้นตาหมายดอนยานาง","4.1","(24)","ร้านอาหาร","·","เลขที่ 245 หมู่ 1 หมู่บ้าน ดอนนานาง","","","https://lh5.googleusercontent.com/p/AF1QipMhI1Ldaif5HLQXAOJGFI18WNaWZvlpCO5dLCSq=w91-h92-k-no","นั่งรับประทานที่ร้าน","·","สั่งกลับบ้าน"
"https://www.google.co.th/maps/place/%E0%B8%9A%E0%B9%89%E0%B8%B2%E0%B8%99%E0%B8%95%E0%B9%89%E0%B8%AD%E0%B8%A1%2F%E0%B8%95%E0%B8%B4%E0%B9%8A%E0%B8%81/data=!4m7!3m6!1s0x313c0b8daad48bc9:0x782ee46aa3f3f686!8m2!3d17.4083052!4d104.7257089!16s%2Fg%2F11bx9dffcj!19sChIJyYvUqo0LPDERhvbzo2rkLng?authuser=0&hl=th&rclk=1","บ้านต้อม/ติ๊ก","4.7","(15)","ร้านอาหาร","·","·","ใกล้ปิดแล้ว","⋅ 20:00 ⋅ เปิด 09:30 พฤ.","https://lh5.googleusercontent.com/p/AF1QipMxQVym0gLwY2U_CGSn7kE-PtsLkcN0WNbCbH5m=w80-h142-k-no","นั่งรับประทานที่ร้าน","·","สั่งกลับบ้าน"
"https://www.google.co.th/maps/place/%E0%B8%A3%E0%B9%89%E0%B8%B2%E0%B8%99%E0%B9%82%E0%B8%8A%E0%B8%81%E0%B8%B8%E0%B8%99%E0%B9%80%E0%B8%84%E0%B8%A3%E0%B8%9B%E0%B8%8D%E0%B8%B5%E0%B9%88%E0%B8%9B%E0%B8%B8%E0%B9%88%E0%B8%99%26%E0%B9%80%E0%B8%84%E0%B8%A3%E0%B8%9B%E0%B9%80%E0%B8%A2%E0%B9%87%E0%B8%99/data=!4m7!3m6!1s0x313c0c73aa32d193:0x48bd233e9d24887!8m2!3d17.3912926!4d104.7256746!16s%2Fg%2F11c5zbsb9k!19sChIJk9EyqnMMPDERh0jS6TPSiwQ?authuser=0&hl=th&rclk=1","ร้านโชกุนเครปญี่ปุ่น&เครปเย็น","4.6","(10)","เครป","·","9PRG+G77","เปิด","⋅ ปิด 21:00","https://streetviewpixels-pa.googleapis.com/v1/thumbnail?panoid=H5JKVDyIC5BWroBsgKbrlA&cb_client=search.gws-prod.gps&w=80&h=92&yaw=21.168232&pitch=0&thumbfov=100","นั่งรับประทานที่ร้าน","·","สั่งกลับบ้าน"
"https://www.google.co.th/maps/place/%E0%B8%84%E0%B8%A3%E0%B8%B1%E0%B8%A7%E0%B8%AA%E0%B8%B5%E0%B8%9F%E0%B9%89%E0%B8%B2/data=!4m7!3m6!1s0x313c0da4b6a96d8b:0xfdbf3ad369b6cf34!8m2!3d17.3914651!4d104.730018!16s%2Fg%2F11j5t2h0p_!19sChIJi22ptqQNPDERNM-2adM6v_0?authuser=0&hl=th&rclk=1","ครัวสีฟ้า","5.0","(1)","ร้านอาหาร","·","9PRJ+H2J","","","https://lh5.googleusercontent.com/p/AF1QipM57hovrPSu-gMGZic1iRaxJranVYgf4aCIMmk5=w80-h106-k-no","นั่งรับประทานที่ร้าน","·","สั่งกลับบ้าน"
"https://www.google.co.th/maps/place/SJ%E0%B8%97%E0%B8%B2%E0%B9%82%E0%B8%81%E0%B8%B0%E0%B8%A2%E0%B8%B2%E0%B8%81%E0%B8%B4/data=!4m7!3m6!1s0x313c0d4b7d586d8b:0x12e44a9a28bd5720!8m2!3d17.3926045!4d104.7266717!16s%2Fg%2F11qmqlncw1!19sChIJi21YfUsNPDERIFe9KJpK5BI?authuser=0&hl=th&rclk=1","SJทาโกะยากิ","5.0","(1)","ร้านอาหาร","·","149","เปิด","⋅ ปิด 21:00","https://lh5.googleusercontent.com/p/AF1QipMHmrm33Zqbx1mjNra-21v9UtJaWj_JFarWm7Ay=w122-h92-k-no","สั่งกลับบ้าน","",""
"https://www.google.co.th/maps/place/%E0%B8%A3%E0%B9%89%E0%B8%B2%E0%B8%99%E0%B9%81%E0%B8%8B%E0%B9%88%E0%B8%9A%E0%B8%88%E0%B8%B1%E0%B8%87+%E0%B8%99%E0%B8%84%E0%B8%A3%E0%B8%9E%E0%B8%99%E0%B8%A1/data=!4m7!3m6!1s0x313c0c7292e78b3f:0x42b21ff27adf8e89!8m2!3d17.3893702!4d104.7266365!16s%2Fg%2F11gf8h5hs2!19sChIJP4vnknIMPDERiY7fevIfskI?authuser=0&hl=th&rclk=1","ร้านแซ่บจัง นครพนม","5.0","(1)","ร้านอาหาร","·","9PQG+PMR","เปิด","⋅ ปิด 21:00","https://streetviewpixels-pa.googleapis.com/v1/thumbnail?panoid=7lCLHChPwpG0Em_IQhzEkw&cb_client=search.gws-prod.gps&w=80&h=92&yaw=9.607769&pitch=0&thumbfov=100","นั่งรับประทานที่ร้าน","·","สั่งกลับบ้าน"
"https://www.google.co.th/maps/place/%E0%B8%A3%E0%B9%89%E0%B8%B2%E0%B8%99+%E0%B8%84%E0%B8%A3%E0%B8%B1%E0%B8%A7%E0%B8%84%E0%B8%B8%E0%B8%93%E0%B8%95%E0%B9%88%E0%B8%B2%E0%B8%A2/data=!4m7!3m6!1s0x313c0d70cee9fb07:0xcf42d26fec2e191c!8m2!3d17.4085966!4d104.7246005!16s%2Fg%2F11h05bwr6t!19sChIJB_vpznANPDERHBku7G_SQs8?authuser=0&hl=th&rclk=1","ร้าน ครัวคุณต่าย","4.8","(4)","ร้านอาหาร","·","CP5F+CRQ Nern Sa-At Road","ใกล้ปิดแล้ว","⋅ 20:00 ⋅ เปิด 09:00 พฤ.","https://lh5.googleusercontent.com/p/AF1QipPJSpU2E_rjgL5t9GQCA08H6h8C9wMZC_utIfPg=w122-h92-k-no","นั่งรับประทานที่ร้าน","·","สั่งกลับบ้าน"
"https://www.google.co.th/maps/place/%E0%B8%84%E0%B8%A3%E0%B8%B1%E0%B8%A7%E0%B8%8B%E0%B8%B8%E0%B8%A1%E0%B9%81%E0%B8%8B%E0%B8%A7/data=!4m7!3m6!1s0x313c0c73a311fa95:0x5cca97046a4030e4!8m2!3d17.3921585!4d104.7250595!16s%2Fg%2F11f4_5276t!19sChIJlfoRo3MMPDER5DBAagSXylw?authuser=0&hl=th&rclk=1","ครัวซุมแซว","5.0","(2)","ร้านอาหาร","·","9PRG+V27","","","https://lh5.googleusercontent.com/p/AF1QipMwsexQu-Ijeq1H7CDzEhVA5Up42T3cZV-Cm18k=w122-h92-k-no","นั่งรับประทานที่ร้าน","·","สั่งกลับบ้าน"
"https://www.google.co.th/maps/place/%E0%B9%83%E0%B8%88%E0%B9%81%E0%B8%AD%E0%B9%89%E0%B8%99%E0%B8%9A%E0%B8%B0%E0%B8%AB%E0%B8%A1%E0%B8%B5%E0%B9%88%E0%B9%80%E0%B8%81%E0%B8%B5%E0%B9%8A%E0%B8%A2%E0%B8%A7/data=!4m7!3m6!1s0x313c0b1c1615de67:0x3fbd748689b72813!8m2!3d17.4092426!4d104.72237!16s%2Fg%2F11rxtwzzyl!19sChIJZ94VFhwLPDEREyi3iYZ0vT8?authuser=0&hl=th&rclk=1","ใจแอ้นบะหมี่เกี๊ยว","5.0","(1)","ร้านอาหาร","·","CP5C+MWX","","","https://lh5.googleusercontent.com/p/AF1QipMTtLlQ3NokGb56M0VZPpvixqjD7dQUxUNIIMob=w122-h92-k-no","","",""
"https://www.google.co.th/maps/place/%E0%B8%AA%E0%B8%A7%E0%B8%99%E0%B8%AD%E0%B8%B2%E0%B8%AB%E0%B8%B2%E0%B8%A3%E0%B9%80%E0%B8%AE%E0%B8%B7%E0%B8%AD%E0%B8%99%E0%B9%84%E0%B8%A1%E0%B9%89+%E0%B8%AB%E0%B8%99%E0%B8%AD%E0%B8%87%E0%B8%8D%E0%B8%B2%E0%B8%95%E0%B8%B4/data=!4m7!3m6!1s0x313c0d3393a37767:0x2f64e5a20597dbc9!8m2!3d17.3834102!4d104.7338799!16s%2Fg%2F11mnghybk_!19sChIJZ3ejkzMNPDERyduXBaLlZC8?authuser=0&hl=th&rclk=1","สวนอาหารเฮือนไม้ หนองญาติ","5.0","(1)","ร้านอาหาร","·","22","เปิด","⋅ ปิด 01:00","https://lh5.googleusercontent.com/p/AF1QipPpzQMBoShGfJJNC9QQ0v4aC2j5NgrFJXjRPrZZ=w80-h106-k-no","นั่งรับประทานที่ร้าน","·","สั่งกลับบ้าน"
"https://www.google.co.th/maps/place/%E0%B9%80%E0%B8%A3%E0%B8%B7%E0%B9%88%E0%B8%AD%E0%B8%87%E0%B9%80%E0%B8%95%E0%B8%B5%E0%B9%8B%E0%B8%A2%E0%B8%A7%E0%B9%86/data=!4m7!3m6!1s0x313c0dfd7901e901:0x1f5f70a1c5c21a07!8m2!3d17.3838004!4d104.7147623!16s%2Fg%2F11vd0fy4dw!19sChIJAekBef0NPDERBxrCxaFwXx8?authuser=0&hl=th&rclk=1","เรื่องเตี๋ยวๆ","5.0","(1)","ร้านอาหาร","·","9PM8+R36","","","https://streetviewpixels-pa.googleapis.com/v1/thumbnail?panoid=sLUaTPew5lSfX9ncpdvxJA&cb_client=search.gws-prod.gps&w=80&h=92&yaw=181.06804&pitch=0&thumbfov=100","นั่งรับประทานที่ร้าน","·","สั่งกลับบ้าน"
"https://www.google.co.th/maps/place/%E0%B9%81%E0%B8%AA%E0%B8%99%E0%B8%8A%E0%B8%B1%E0%B8%A2+%E0%B8%AD%E0%B8%B2%E0%B8%AB%E0%B8%B2%E0%B8%A3%E0%B8%95%E0%B8%B2%E0%B8%A1%E0%B8%AA%E0%B8%B1%E0%B9%88%E0%B8%87/data=!4m7!3m6!1s0x313c0dfccbc3ca13:0xd6442e0503b73c88!8m2!3d17.3931571!4d104.7286744!16s%2Fg%2F11vjkmnqqp!19sChIJE8rDy_wNPDERiDy3AwUuRNY?authuser=0&hl=th&rclk=1","แสนชัย อาหารตามสั่ง","5.0","(3)","ร้านอาหาร","·","325 นพ. 2011","เปิด","⋅ ปิด 02:00","https://lh5.googleusercontent.com/p/AF1QipPasPoIoz9K4MmgICp4s-1i78vXBhR3hlfbylEz=w80-h106-k-no","นั่งรับประทานที่ร้าน","·","สั่งกลับบ้าน"
"https://www.google.co.th/maps/place/%E0%B8%84%E0%B8%A3%E0%B8%B1%E0%B8%A7%E0%B8%9E%E0%B8%B5%E0%B9%88%E0%B8%99%E0%B8%B8%E0%B9%8A%E0%B8%81/data=!4m7!3m6!1s0x313c0b126617554b:0x115587588d73c8a0!8m2!3d17.4188854!4d104.6995991!16s%2Fg%2F11gxqml842!19sChIJS1UXZhILPDERoMhzjViHVRE?authuser=0&hl=th&rclk=1","ครัวพี่นุ๊ก","4.0","(4)","ร้านอาหาร","·","เลขที่ 290 หมู่ 8 หมู่บ้าน เนินสะอาด","","","https://lh5.googleusercontent.com/p/AF1QipMp_ICR4txXSaX2fR94mxvdCV-yMsIszKfBmndU=w164-h92-k-no","นั่งรับประทานที่ร้าน","·","สั่งกลับบ้าน"
"https://www.google.co.th/maps/place/%E0%B8%95%E0%B8%B3%E0%B8%9A%E0%B8%A5+%E0%B8%99%E0%B8%B2%E0%B8%A3%E0%B8%B2%E0%B8%8A%E0%B8%84%E0%B8%A7%E0%B8%B2%E0%B8%A2/data=!4m7!3m6!1s0x313c0d3249c9ba13:0x30215e4cc0eca8db!8m2!3d17.3988057!4d104.7331793!16s%2Fg%2F11kj3ngxm7!19sChIJE7rJSTINPDER26jswExeITA?authuser=0&hl=th&rclk=1","ตำบล นาราชควาย","5.0","(1)","ร้านอาหาร","·","342 หมู่ 11 ตำบลนาราชควาย อำเภอเมือง","","","https://lh5.googleusercontent.com/p/AF1QipOsvOQ3d6c2aypQ6wZRVbOZiHmS2ECHE9Ki9dZ8=w80-h106-k-no","นั่งรับประทานที่ร้าน","·","สั่งกลับบ้าน"
"https://www.google.co.th/maps/place/%E0%B9%80%E0%B8%95%E0%B8%B5%E0%B9%8B%E0%B8%A2%E0%B8%A7%E0%B8%82%E0%B9%89%E0%B8%B2%E0%B8%87%E0%B8%A1%E0%B8%AD@%E0%B8%84%E0%B8%A3%E0%B8%B1%E0%B8%A7%E0%B8%9E%E0%B8%A3%E0%B8%95%E0%B8%B0%E0%B8%A7%E0%B8%B1%E0%B8%99/data=!4m7!3m6!1s0x313c0d4f4c1cbfdb:0xd34d317c4783e7f!8m2!3d17.3944437!4d104.724082!16s%2Fg%2F11j3yqrjh8!19sChIJ278cTE8NPDERfz54xBfTNA0?authuser=0&hl=th&rclk=1","เตี๋ยวข้างมอ@ครัวพรตะวัน","5.0","(1)","ร้านก๋วยเตี๋ยว","·","·","เปิด","⋅ ปิด 22:00","https://lh5.googleusercontent.com/p/AF1QipOO84SbCfhou-3nuLmxLo2rGWrWx7bSPhtovIDq=w122-h92-k-no","นั่งรับประทานที่ร้าน","·","สั่งกลับบ้าน"
"https://www.google.co.th/maps/place/Home+Paekna+aeG/data=!4m7!3m6!1s0x313c0b84b0851f23:0x5e79b70c89d844e4!8m2!3d17.427794!4d104.7053441!16s%2Fg%2F11h6m70dpr!19sChIJIx-FsIQLPDER5ETYiQy3eV4?authuser=0&hl=th&rclk=1","Home Paekna aeG","5.0","(4)","ญี่ปุ่น","·","CPH4+449","","","https://lh5.googleusercontent.com/p/AF1QipORYpa6yxi5neDINqS68wznlw3xOFkRRTFZR9kM=w80-h177-k-no","","",""
"https://www.google.co.th/maps/place/%E0%B8%A3%E0%B9%89%E0%B8%B2%E0%B8%99+Chicken+NKP@%E0%B8%82%E0%B9%89%E0%B8%B2%E0%B8%A7%E0%B8%A1%E0%B8%B1%E0%B8%99%E0%B9%84%E0%B8%81%E0%B9%88/data=!4m7!3m6!1s0x313c0df47f1c3f81:0xac3ab88c1529c78b!8m2!3d17.3914739!4d104.7278502!16s%2Fg%2F11v5_5gp9x!19sChIJgT8cf_QNPDERi8cpFYy4Oqw?authuser=0&hl=th&rclk=1","ร้าน Chicken NKP@ข้าวมันไก่","5.0","(1)","ร้านอาหาร","·","บ้าน 130 หมู่ 8","เปิด","⋅ ปิด 21:30","https://lh5.googleusercontent.com/p/AF1QipN6eShoDDWv_HCW4gLj5W_3yip0aKTcKZ2LAk3z=w80-h106-k-no","นั่งรับประทานที่ร้าน","·","รับสินค้าโดยไม่ต้องลงจากรถ"
"https://www.google.co.th/maps/place/%E0%B9%80%E0%B8%AA%E0%B9%89%E0%B8%99%E0%B8%81%E0%B9%8B%E0%B8%A7%E0%B8%A2%E0%B8%88%E0%B8%B1%E0%B9%8A%E0%B8%9A%E0%B8%99%E0%B8%84%E0%B8%A3%E0%B8%9E%E0%B8%99%E0%B8%A1/data=!4m7!3m6!1s0x313c0df39a685733:0x203d53f5b87ee689!8m2!3d17.3798237!4d104.6821048!16s%2Fg%2F11h04fb29c!19sChIJM1domvMNPDERieZ-uPVTPSA?authuser=0&hl=th&rclk=1","เส้นก๋วยจั๊บนครพนม","5.0","(1)","ร้านอาหาร","·","เลขที่ 17 ถนน ปิยะ ใน","ใกล้ปิดแล้ว","⋅ 20:00 ⋅ เปิด 09:00 พฤ.","https://streetviewpixels-pa.googleapis.com/v1/thumbnail?panoid=6JGKzjfEH5B0WPa7cYkzfg&cb_client=search.gws-prod.gps&w=80&h=92&yaw=152.23332&pitch=0&thumbfov=100","สั่งกลับบ้าน","",""
"https://www.google.co.th/maps/place/%E0%B8%A3%E0%B9%89%E0%B8%B2%E0%B8%99%E0%B8%AD%E0%B8%B7%E0%B8%A1%E0%B8%A1+%E0%B8%AD%E0%B8%B4%E0%B9%88%E0%B8%A1%E0%B8%88%E0%B8%B1%E0%B8%87/data=!4m7!3m6!1s0x313c0c740a5ed5c9:0x2b9d5bc7d84c9fa!8m2!3d17.3940859!4d104.7241919!16s%2Fg%2F11gf5s3gpb!19sChIJydVeCnQMPDER-smEfbzVuQI?authuser=0&hl=th&rclk=1","ร้านอืมม อิ่มจัง","4.0","(2)","ร้านอาหาร","·","405 ม.8 ต.นาราชควาย อ.เมือง จ","เปิด","⋅ ปิด 22:00","https://lh5.googleusercontent.com/p/AF1QipOyxRJ3hbFMvVo90cjbxgYBRXmZwFAlmvxXUVjR=w163-h92-k-no","นั่งรับประทานที่ร้าน","·","สั่งกลับบ้าน"
"https://www.google.co.th/maps/place/%E0%B8%A3%E0%B9%89%E0%B8%B2%E0%B8%99%E0%B9%81%E0%B8%A1%E0%B9%88%E0%B8%99%E0%B9%89%E0%B8%AD%E0%B8%A2+%E0%B8%81%E0%B9%8B%E0%B8%A7%E0%B8%A2%E0%B9%80%E0%B8%95%E0%B8%B5%E0%B9%8B%E0%B8%A2%E0%B8%A7+%E0%B8%AA%E0%B9%89%E0%B8%A1%E0%B8%95%E0%B8%B3+%E0%B8%9B%E0%B8%A5%E0%B8%B2%E0%B9%80%E0%B8%9C%E0%B8%B2/data=!4m7!3m6!1s0x313c0d9f75258b47:0xcb4be34ba6be77e4!8m2!3d17.384432!4d104.699042!16s%2Fg%2F11swpll00v!19sChIJR4sldZ8NPDER5He-pkvjS8s?authuser=0&hl=th&rclk=1","ร้านแม่น้อย ก๋วยเตี๋ยว ส้มตำ ปลาเผา","4.5","(6)","ร้านก๋วยเตี๋ยว","·","9MMX+QJF บ้าน","","","https://streetviewpixels-pa.googleapis.com/v1/thumbnail?panoid=4jwpHoJjMD9ND7jINYIFbQ&cb_client=search.gws-prod.gps&w=80&h=92&yaw=231.38219&pitch=0&thumbfov=100","นั่งรับประทานที่ร้าน","·","สั่งกลับบ้าน"
"https://www.google.co.th/maps/place/%E0%B8%AA%E0%B9%89%E0%B8%A1%E0%B8%95%E0%B8%B3%E0%B8%96%E0%B8%B2%E0%B8%94%E0%B9%80%E0%B8%99%E0%B8%B4%E0%B8%99%E0%B8%AA%E0%B8%B0%E0%B8%AD%E0%B8%B2%E0%B8%94%E2%80%8B+%E0%B8%A5%E0%B8%B2%E0%B8%9A%E2%80%8B+%E0%B8%81%E0%B9%89%E0%B8%AD%E0%B8%A2%E0%B8%95%E0%B9%89%E0%B8%A1/data=!4m7!3m6!1s0x313c0d0182330fcb:0x12614f30ce779709!8m2!3d17.3895839!4d104.7264871!16s%2Fg%2F11j7ql3krq!19sChIJyw8zggENPDERCZd3zjBPYRI?authuser=0&hl=th&rclk=1","ส้มตำถาดเนินสะอาด​ ลาบ​ ก้อยต้ม","5.0","(1)","ร้านอาหาร","·","9PQG+RHQ นพ.2011","เปิด","⋅ ปิด 21:30","https://lh5.googleusercontent.com/p/AF1QipO8xoh6kLFksqkb1A7oattHDXMvzKQW7_Su9_pM=w80-h166-k-no","นั่งรับประทานที่ร้าน","·","สั่งกลับบ้าน"
"https://www.google.co.th/maps/place/%E0%B9%81%E0%B8%88%E0%B9%88%E0%B8%A7%E0%B8%AE%E0%B9%89%E0%B8%AD%E0%B8%99+%E0%B8%A1%E0%B8%AB%E0%B8%B2%E0%B8%99%E0%B8%84%E0%B8%A3/data=!4m7!3m6!1s0x313c0da1534167d7:0xd1a5ac840bdc7427!8m2!3d17.3835026!4d104.7350172!16s%2Fg%2F11kjpfjj2j!19sChIJ12dBU6ENPDERJ3TcC4SspdE?authuser=0&hl=th&rclk=1","แจ่วฮ้อน มหานคร","5.0","(1)","ร้านอาหาร","","","เปิด","⋅ ปิด 00:00","https://lh5.googleusercontent.com/p/AF1QipMaf85xfUqhBM3I8AysZbQfddjkVyOkH1LXgWKk=w80-h106-k-no","นั่งรับประทานที่ร้าน","·","สั่งกลับบ้าน"
"https://www.google.co.th/maps/place/%E0%B8%81%E0%B9%8B%E0%B8%A7%E0%B8%A2%E0%B9%80%E0%B8%95%E0%B8%B5%E0%B9%8B%E0%B8%A2%E0%B8%A7%E0%B8%A2%E0%B8%B2%E0%B8%A2%E0%B8%99%E0%B8%B2%E0%B8%8E+%E0%B8%A5%E0%B8%B2%E0%B8%9A+%E0%B8%81%E0%B9%89%E0%B8%AD%E0%B8%A2+%E0%B8%95%E0%B9%89%E0%B8%A1/data=!4m7!3m6!1s0x313c0df67003f96b:0xfde8f9376ef444cf!8m2!3d17.3996488!4d104.6835402!16s%2Fg%2F11tct712wb!19sChIJa_kDcPYNPDERz0T0bjf56P0?authuser=0&hl=th&rclk=1","ก๋วยเตี๋ยวยายนาฎ ลาบ ก้อย ต้ม","5.0","(2)","ร้านอาหาร","·","9MXM+VC","ใกล้ปิดแล้ว","⋅ 19:30 ⋅ เปิด 06:00 พฤ.","https://lh5.googleusercontent.com/p/AF1QipP-GeBUxVQGf06Zq9HpwVstdMdtDbHbGQ8bUQU5=w163-h92-k-no","นั่งรับประทานที่ร้าน","·","สั่งกลับบ้าน"
"https://www.google.co.th/maps/place/%E0%B8%A3%E0%B9%89%E0%B8%B2%E0%B8%99%E0%B8%AB%E0%B8%A5%E0%B8%A7%E0%B8%87%E0%B9%80%E0%B8%9B%E0%B9%87%E0%B8%94%E0%B8%82%E0%B9%89%E0%B8%B2%E0%B8%A7%E0%B8%A1%E0%B8%B1%E0%B8%99%E0%B9%84%E0%B8%81%E0%B9%88%E0%B8%81%E0%B9%8B%E0%B8%A7%E0%B8%A2%E0%B9%80%E0%B8%95%E0%B8%B5%E0%B9%8B%E0%B8%A2%E0%B8%A7%E0%B9%84%E0%B8%81%E0%B9%88/data=!4m7!3m6!1s0x313c0d3fd2dec473:0x6bf576bddd7ab6a2!8m2!3d17.3891731!4d104.7267139!16s%2Fg%2F11h2c2ljl5!19sChIJc8Te0j8NPDERorZ63b129Ws?authuser=0&hl=th&rclk=1","ร้านหลวงเป็ดข้าวมันไก่ก๋วยเตี๋ยวไก่","4.4","(7)","ร้านอาหาร","·","นพ.2011","เปิด","⋅ ปิด 21:00","https://lh5.googleusercontent.com/p/AF1QipO3HFht1Bz5rjh4SZuvPb7yzlpodG3VnyusMgRt=w163-h92-k-no","นั่งรับประทานที่ร้าน","·","สั่งกลับบ้าน"
"https://www.google.co.th/maps/place/%E0%B8%AD%E0%B8%B8%E0%B9%8A%E0%B8%A2%E0%B8%B8%E0%B9%8A+%E0%B8%AD%E0%B9%8A%E0%B8%B0%E0%B8%A2%E0%B9%8A%E0%B8%B0+%E0%B8%AB%E0%B8%A1%E0%B9%88%E0%B8%B2%E0%B8%A5%E0%B9%88%E0%B8%B2/data=!4m7!3m6!1s0x313c0dd120eefee7:0xdae12489564c1cf8!8m2!3d17.3691393!4d104.6726514!16s%2Fg%2F11l68trhr7!19sChIJ5_7uINENPDER-BxMVokk4do?authuser=0&hl=th&rclk=1","อุ๊ยุ๊ อ๊ะย๊ะ หม่าล่า","5.0","(1)","ปิ้งย่าง","·","9M9F+J2R","","","https://lh5.googleusercontent.com/p/AF1QipMccp6NHd9K7FJOZawIaIEtU8c4V9p5HBkUSBxc=w80-h106-k-no","สั่งกลับบ้าน","",""
"https://www.google.co.th/maps/place/%E0%B9%82%E0%B8%AD%E0%B8%8A%E0%B8%B2%E0%B8%A3%E0%B8%AA%E0%B8%AB%E0%B8%A1%E0%B8%B9%E0%B8%88%E0%B8%B8%E0%B9%88%E0%B8%A1/data=!4m7!3m6!1s0x313c0c171ccc2773:0x3a377cedb9d38eae!8m2!3d17.3794271!4d104.737689!16s%2Fg%2F11f3x7s6_x!19sChIJcyfMHBcMPDERro7Tue18Nzo?authuser=0&hl=th&rclk=1","โอชารสหมูจุ่ม","4.5","(55)","ร้านอาหาร","·","185","เปิด","⋅ ปิด 23:00","https://lh5.googleusercontent.com/p/AF1QipMpOHKvORlUxq7H8gRu8M6Ems53apUFXukDwTqX=w122-h92-k-no","นั่งรับประทานที่ร้าน","·","สั่งกลับบ้าน"
"https://www.google.co.th/maps/place/%E0%B8%9A%E0%B9%89%E0%B8%B2%E0%B8%99%E0%B9%80%E0%B8%99%E0%B8%B4%E0%B8%99%E0%B8%AB%E0%B8%A1%E0%B8%B9%E0%B8%81%E0%B8%A3%E0%B8%B0%E0%B8%97%E0%B8%B0/data=!4m7!3m6!1s0x313c0d5355f9de25:0x19da7ccc73d4f50b!8m2!3d17.3920207!4d104.7240776!16s%2Fg%2F11l2xs8tz5!19sChIJJd75VVMNPDERC_XUc8x82hk?authuser=0&hl=th&rclk=1","บ้านเนินหมูกระทะ","5.0","(2)","ร้านอาหาร","·","·","เปิด","⋅ ปิด 22:00","https://lh5.googleusercontent.com/p/AF1QipMRCLL65ee0_It6d2hQZj11KbJ6Z3HRd7N2w8Ek=w122-h92-k-no","นั่งรับประทานที่ร้าน","·","สั่งกลับบ้าน"
"https://www.google.co.th/maps/place/%E0%B8%A3%E0%B9%89%E0%B8%B2%E0%B8%99+%E0%B9%81%E0%B8%AA%E0%B8%99%E0%B9%81%E0%B8%8B%E0%B9%88%E0%B8%9A/data=!4m7!3m6!1s0x313c0c0d70009eb1:0x9e974fc879ccb89b!8m2!3d17.3884224!4d104.7309639!16s%2Fg%2F11l7mjdnm_!19sChIJsZ4AcA0MPDERm7jMechPl54?authuser=0&hl=th&rclk=1","ร้าน แสนแซ่บ","","","ร้านอาหาร","","","","","https://streetviewpixels-pa.googleapis.com/v1/thumbnail?panoid=b_EJqP7QVpKkcC34WR3vPw&cb_client=search.gws-prod.gps&w=80&h=92&yaw=261.17587&pitch=0&thumbfov=100","นั่งรับประทานที่ร้าน","·","สั่งกลับบ้าน"
"https://www.google.co.th/maps/place/%E0%B8%A3%E0%B9%89%E0%B8%B2%E0%B8%99%E0%B8%81%E0%B9%8B%E0%B8%A7%E0%B8%A2%E0%B9%80%E0%B8%95%E0%B8%B5%E0%B9%8B%E0%B8%A2%E0%B8%A7%E0%B9%80%E0%B8%9B%E0%B9%87%E0%B8%94+%E0%B8%99%E0%B8%84%E0%B8%A3%E0%B8%9E%E0%B8%99%E0%B8%A1/data=!4m7!3m6!1s0x313c093083bca717:0xe7a28c006bbc93df!8m2!3d17.3825539!4d104.7368385!16s%2Fg%2F11bwf7zqd8!19sChIJF6e8gzAJPDER35O8awCMouc?authuser=0&hl=th&rclk=1","ร้านก๋วยเตี๋ยวเป็ด นครพนม","4.3","(60)","ร้านก๋วยเตี๋ยว","·","9PMP+2PG","ใกล้ปิดแล้ว","⋅ 20:00 ⋅ เปิด 10:00 พฤ.","https://lh5.googleusercontent.com/p/AF1QipNTtQfZc19z_Emjs8Yq1m-sH3I5Z9A8Tgi45Iag=w122-h92-k-no","นั่งรับประทานที่ร้าน","",""
"https://www.google.co.th/maps/place/%E0%B8%A3%E0%B9%89%E0%B8%B2%E0%B8%99%E0%B8%AD%E0%B8%B2%E0%B8%AB%E0%B8%B2%E0%B8%A3%E0%B8%84%E0%B8%B8%E0%B8%93%E0%B8%94%E0%B8%A7%E0%B8%87%E0%B9%83%E0%B8%88%E0%B8%AB%E0%B8%A1%E0%B8%B9%E0%B8%88%E0%B8%B8%E0%B9%88%E0%B8%A1/data=!4m7!3m6!1s0x313c0df801dc5f8d:0x3db859af0c5a775!8m2!3d17.379824!4d104.682105!16s%2Fg%2F11f70_8mdt!19sChIJjV_cAfgNPDERdafF8JqF2wM?authuser=0&hl=th&rclk=1","ร้านอาหารคุณดวงใจหมูจุ่ม","","","ร้านอาหาร","·","405. หมู่3 ขามเฒ่า","เปิด","⋅ ปิด 21:00","https://lh5.googleusercontent.com/p/AF1QipOyoQZYJ3DE2sHUOhb_JqP3BBM8NGarfFWvh50X=w80-h106-k-no","นั่งรับประทานที่ร้าน","·","สั่งกลับบ้าน"
"https://www.google.co.th/maps/place/%E0%B8%A3%E0%B9%89%E0%B8%B2%E0%B8%99%E0%B8%82%E0%B9%89%E0%B8%B2%E0%B8%A7%E0%B8%9B%E0%B8%B8%E0%B9%89%E0%B8%99pp/data=!4m7!3m6!1s0x313c0b9ae66ca50b:0xf524c197e56b865a!8m2!3d17.4137144!4d104.7148139!16s%2Fg%2F11gh2qkn3y!19sChIJC6Vs5poLPDERWoZr5ZfBJPU?authuser=0&hl=th&rclk=1","ร้านข้าวปุ้นpp","4.6","(8)","ชาบูชาบู","·","CP77+FWP","ปิดอยู่","⋅ เปิด 08:00 พฤ.","https://lh5.googleusercontent.com/p/AF1QipNSuHSOmUMcZ30ueQ5gczLDNfkvBWOcElzd4Lp9=w80-h142-k-no","นั่งรับประทานที่ร้าน","·","สั่งกลับบ้าน"
"https://www.google.co.th/maps/place/%E0%B9%80%E0%B8%88%E0%B9%89%E0%B9%81%E0%B8%99%E0%B8%99%E0%B8%82%E0%B9%89%E0%B8%B2%E0%B8%A7%E0%B8%9B%E0%B8%B8%E0%B9%89%E0%B8%99%E0%B8%9A%E0%B8%B5%E0%B8%9A%E0%B8%AA%E0%B8%94+%E0%B8%95%E0%B8%B3%E0%B8%81%E0%B8%B2%E0%B9%80%E0%B8%97%E0%B8%A2/data=!4m7!3m6!1s0x313c0d82cff29acd:0xc3d451570fdbea1e!8m2!3d17.3789286!4d104.7377496!16s%2Fg%2F11h3967qdg!19sChIJzZryz4INPDERHurbD1dR1MM?authuser=0&hl=th&rclk=1","เจ้แนนข้าวปุ้นบีบสด ตำกาเทย","4.2","(6)","ร้านอาหาร","·","311","เปิด","⋅ ปิด 22:00","https://lh5.googleusercontent.com/p/AF1QipM4Qqkr4hv5xO3aAMokMtUc6V1_KGxkYobtJ8U8=w80-h106-k-no","นั่งรับประทานที่ร้าน","·","สั่งกลับบ้าน"
"https://www.google.co.th/maps/place/%E0%B8%82%E0%B9%89%E0%B8%B2%E0%B8%A7%E0%B9%80%E0%B8%9B%E0%B8%B5%E0%B8%A2%E0%B8%81%E0%B9%80%E0%B8%AA%E0%B9%89%E0%B8%99%E2%80%9C%E0%B8%9A%E0%B9%89%E0%B8%B2%E0%B8%99%E0%B8%99%E0%B8%84%E0%B8%A3%E2%80%9D/data=!4m7!3m6!1s0x313c0dfc20a265b9:0xeaef9f44f20c69e4!8m2!3d17.3883221!4d104.7276638!16s%2Fg%2F11ldddwg3w!19sChIJuWWiIPwNPDER5GkM8kSf7-o?authuser=0&hl=th&rclk=1","ข้าวเปียกเส้น“บ้านนคร”","","","ร้านอาหาร","·","467 บ้าน","ใกล้ปิดแล้ว","⋅ 20:00 ⋅ เปิด 09:00 พฤ.","https://streetviewpixels-pa.googleapis.com/v1/thumbnail?panoid=isS8I5SyRtliJ-4PzPmXYQ&cb_client=search.gws-prod.gps&w=80&h=92&yaw=37.521736&pitch=0&thumbfov=100","นั่งรับประทานที่ร้าน","·","สั่งกลับบ้าน"
"https://www.google.co.th/maps/place/%E0%B8%A3%E0%B9%89%E0%B8%B2%E0%B8%99%E0%B9%82%E0%B8%8A%E0%B8%84%E0%B8%8A%E0%B8%B1%E0%B8%A2%E0%B8%9B%E0%B8%A5%E0%B8%B2%E0%B9%80%E0%B8%9C%E0%B8%B2/data=!4m7!3m6!1s0x313c0fcd862f2df1:0x9a34fe780e602693!8m2!3d17.3811301!4d104.7371262!16s%2Fg%2F11gy321gxc!19sChIJ8S0vhs0PPDERkyZgDnj-NJo?authuser=0&hl=th&rclk=1","ร้านโชคชัยปลาเผา","5.0","(1)","ร้านอาหาร","·","หมู่บ้าน เลขที่ 127 หมู่ 2","","","https://lh5.googleusercontent.com/p/AF1QipOUAPuxnprwk8mLbX09hUHM2sVhXg9gE9iXugN_=w122-h92-k-no","นั่งรับประทานที่ร้าน","·","สั่งกลับบ้าน"
"https://www.google.co.th/maps/place/%E0%B8%82%E0%B9%89%E0%B8%B2%E0%B8%A7%E0%B8%A1%E0%B8%B1%E0%B8%99%E0%B9%84%E0%B8%81%E0%B9%88+%E0%B8%81%E0%B9%8B%E0%B8%A7%E0%B8%A2%E0%B9%80%E0%B8%95%E0%B8%B5%E0%B9%8B%E0%B8%A2%E0%B8%A7%E0%B9%84%E0%B8%81%E0%B9%88%E0%B8%A1%E0%B8%B0%E0%B8%A3%E0%B8%B0+%E0%B8%81%E0%B9%8B%E0%B8%A7%E0%B8%A2%E0%B9%80%E0%B8%95%E0%B8%B5%E0%B9%8B%E0%B8%A2%E0%B8%A7%E0%B9%80%E0%B8%99%E0%B8%B7%E0%B9%89%E0%B8%AD%E0%B8%95%E0%B8%B8%E0%B9%8B%E0%B8%99/data=!4m7!3m6!1s0x313c0d0060d22203:0x34460f2231e4c5b0!8m2!3d17.3940961!4d104.7239891!16s%2Fg%2F11vzy47w_1!19sChIJAyLSYAANPDERsMXkMSIPRjQ?authuser=0&hl=th&rclk=1","ข้าวมันไก่ ก๋วยเตี๋ยวไก่มะระ ก๋วยเตี๋ยวเนื้อตุ๋น","5.0","(1)","ร้านก๋วยเตี๋ยว","·","9PVF+JHQ","เปิด","⋅ ปิด 21:00","https://lh5.googleusercontent.com/p/AF1QipN430m16tj7DaEDR235uzGQ5k1af4ey5Mv5814g=w134-h92-k-no","นั่งรับประทานที่ร้าน","·","สั่งกลับบ้าน"
"https://www.google.co.th/maps/place/%E0%B8%A3%E0%B9%89%E0%B8%B2%E0%B8%99%E0%B8%A7%E0%B8%B2%E0%B8%A3%E0%B8%B5%E0%B8%AD%E0%B8%B2%E0%B8%AB%E0%B8%B2%E0%B8%A3%E0%B8%95%E0%B8%B2%E0%B8%A1%E0%B8%AA%E0%B8%B1%E0%B9%88%E0%B8%87/data=!4m7!3m6!1s0x313c0d000b9ebfb3:0xa75176bf71454ad9!8m2!3d17.3843353!4d104.6986941!16s%2Fg%2F11w4fxyk2v!19sChIJs7-eCwANPDER2UpFcb92Uac?authuser=0&hl=th&rclk=1","ร้านวารีอาหารตามสั่ง","","","ร้านอาหาร","·","9MMX+PFP นิตโย","","","https://streetviewpixels-pa.googleapis.com/v1/thumbnail?panoid=NVvjQvnxiDPkdDjypHnfbw&cb_client=search.gws-prod.gps&w=80&h=92&yaw=186.18158&pitch=0&thumbfov=100","","",""
"https://www.google.co.th/maps/place/%E0%B8%99%E0%B8%A3%E0%B8%B4%E0%B8%99%E0%B8%97%E0%B8%A3%E0%B9%8C%E0%B8%AB%E0%B8%A1%E0%B8%B9%E0%B8%81%E0%B8%B0%E0%B8%97%E0%B8%B0+%E0%B8%99%E0%B9%89%E0%B8%B3%E0%B8%88%E0%B8%B4%E0%B9%89%E0%B8%A1%E0%B8%A3%E0%B8%AA%E0%B9%80%E0%B8%94%E0%B9%87%E0%B8%94/data=!4m7!3m6!1s0x313c0bced197797b:0xfd42bc70fe551582!8m2!3d17.4081879!4d104.7224239!16s%2Fg%2F11fqzmz8c6!19sChIJe3mX0c4LPDERghVV_nC8Qv0?authuser=0&hl=th&rclk=1","นรินทร์หมูกะทะ น้ำจิ้มรสเด็ด","3.5","(2)","ร้านอาหาร","·","255 หมู่ 10 บ้านนาราชควาย","เปิด","⋅ ปิด 22:00","https://lh5.googleusercontent.com/p/AF1QipMzQjVHmte9koXvRTcWxyIuszuBl7amQ1g-3JcV=w122-h92-k-no","นั่งรับประทานที่ร้าน","·","สั่งกลับบ้าน"
"https://www.google.co.th/maps/place/%E0%B8%A3%E0%B9%89%E0%B8%B2%E0%B8%99%E0%B8%85%E0%B8%99%E0%B8%9A%E0%B9%89%E0%B8%B2%E0%B8%99%E0%B8%99%E0%B8%AD%E0%B8%81/data=!4m7!3m6!1s0x313c73c85b1a685b:0x617f35e4bbbd71ad!8m2!3d17.3780586!4d104.6382134!16s%2Fg%2F11fss2q10j!19sChIJW2gaW8hzPDERrXG9u-Q1f2E?authuser=0&hl=th&rclk=1","ร้านฅนบ้านนอก","5.0","(1)","ร้านอาหาร","·","บ้านดอนม่วง บ้านเลขที่94","ใกล้ปิดแล้ว","⋅ 19:30 ⋅ เปิด 06:00 พฤ.","https://streetviewpixels-pa.googleapis.com/v1/thumbnail?panoid=1zPv5_s2XAMYkbBN7CRyng&cb_client=search.gws-prod.gps&w=80&h=92&yaw=254.53789&pitch=0&thumbfov=100","นั่งรับประทานที่ร้าน","·","สั่งกลับบ้าน"
"https://www.google.co.th/maps/place/%E0%B8%9B%E0%B8%AD%E0%B8%87%E0%B9%80%E0%B8%95%E0%B9%80%E0%B8%A1%E0%B8%99%E0%B8%B9%E0%B9%81%E0%B8%8B%E0%B9%8A%E0%B8%9B+%E0%B8%AA%E0%B8%B2%E0%B8%82%E0%B8%B2+2+%E0%B8%AA%E0%B8%B2%E0%B8%A3%E0%B8%9E%E0%B8%B1%E0%B8%94%E0%B8%95%E0%B8%B3/data=!4m7!3m6!1s0x313c0ddd0749dc69:0x9f0dac65a26a303c!8m2!3d17.3798237!4d104.6821048!16s%2Fg%2F11fj0tn09p!19sChIJadxJB90NPDERPDBqomWsDZ8?authuser=0&hl=th&rclk=1","ปองเตเมนูแซ๊ป สาขา 2 สารพัดตำ","","","ร้านอาหาร","·","เลขที่ 154 ถนน นครพนม-ท่าอุเทน อาจสามารถ","","","https://streetviewpixels-pa.googleapis.com/v1/thumbnail?panoid=6JGKzjfEH5B0WPa7cYkzfg&cb_client=search.gws-prod.gps&w=80&h=92&yaw=152.23332&pitch=0&thumbfov=100","นั่งรับประทานที่ร้าน","·","สั่งกลับบ้าน"
"https://www.google.co.th/maps/place/%E0%B8%8A%E0%B8%B2%E0%B8%A2%E0%B8%AA%E0%B8%B5%E0%B9%88%E0%B8%AB%E0%B8%A1%E0%B8%B6%E0%B9%88%E0%B9%80%E0%B8%81%E0%B8%B5%E0%B9%8A%E0%B8%A2%E0%B8%A7+%E0%B8%81%E0%B9%8B%E0%B8%A7%E0%B8%A2%E0%B9%80%E0%B8%95%E0%B8%B5%E0%B9%8B%E0%B8%A2%E0%B8%A7%E0%B9%81%E0%B8%8A%E0%B8%A1%E0%B8%9B%E0%B9%8C/data=!4m7!3m6!1s0x313c0c1125ba6957:0xbe29ee9303ec4e2!8m2!3d17.3823205!4d104.736941!16s%2Fg%2F11gf5wyzsp!19sChIJV2m6JREMPDER4sQ-MOme4gs?authuser=0&hl=th&rclk=1","ชายสี่หมึ่เกี๊ยว ก๋วยเตี๋ยวแชมป์","4.2","(20)","ร้านก๋วยเตี๋ยว","·","9PJP+WQG 2033","เปิด","⋅ ปิด 01:00","https://lh5.googleusercontent.com/p/AF1QipPDYzxFv-367khaELN3EVlpt-XtrfjbUaB9ksJE=w204-h92-k-no","นั่งรับประทานที่ร้าน","·","สั่งกลับบ้าน"
"https://www.google.co.th/maps/place/%E0%B8%9A%E0%B9%89%E0%B8%B2%E0%B8%99%E0%B8%AA%E0%B8%A7%E0%B8%99%E0%B8%9B%E0%B8%A5%E0%B8%B2%E0%B8%A7%E0%B8%B2%E0%B8%AC/data=!4m7!3m6!1s0x313c0b4618cf5e6b:0x8152181615feea3b!8m2!3d17.4249629!4d104.7104327!16s%2Fg%2F11j61nshh7!19sChIJa17PGEYLPDERO-r-FRYYUoE?authuser=0&hl=th&rclk=1","บ้านสวนปลาวาฬ","5.0","(3)","ร้านอาหาร","·","หมู่บ้าน เลขที่ 229 หมู่ 5 น้อย","ปิดอยู่","⋅ เปิด 09:00 พฤ.","https://lh5.googleusercontent.com/p/AF1QipNwubaTfwvysZL9BSJf8ox5vueU5fcqo6qnHEBw=w122-h92-k-no","""บรรยาการดี เหมาะกับการรับธรรมชาติบำบัด""","",""
"https://www.google.co.th/maps/place/%E0%B8%81%E0%B9%8B%E0%B8%A7%E0%B8%A2%E0%B9%80%E0%B8%95%E0%B8%B5%E0%B9%8B%E0%B8%A2%E0%B8%A7%E0%B8%9B%E0%B9%89%E0%B8%B2%E0%B8%95%E0%B9%89%E0%B8%AD%E0%B8%A2+@%E0%B8%9A.%E0%B9%80%E0%B8%99%E0%B8%B4%E0%B8%99%E0%B8%AA%E0%B8%B0%E0%B8%AD%E0%B8%B2%E0%B8%94/data=!4m7!3m6!1s0x313c0de509809945:0xc5d0671c4242fc65!8m2!3d17.3916542!4d104.7278009!16s%2Fg%2F11s11q2hvd!19sChIJRZmACeUNPDERZfxCQhxn0MU?authuser=0&hl=th&rclk=1","ก๋วยเตี๋ยวป้าต้อย @บ.เนินสะอาด","3.8","(4)","ร้านก๋วยเตี๋ยว","·","9PRH+M47","ใกล้ปิดแล้ว","⋅ 20:00 ⋅ เปิด 10:00 พฤ.","https://lh5.googleusercontent.com/p/AF1QipO1SYjxQjySlTzqe5wmheVAKfifPVm6onGUR1Ha=w80-h118-k-no","นั่งรับประทานที่ร้าน","·","สั่งกลับบ้าน"
"https://www.google.co.th/maps/place/%E0%B8%A3%E0%B9%89%E0%B8%B2%E0%B8%99%E0%B9%80%E0%B8%95%E0%B8%B4%E0%B8%A1%E0%B8%AA%E0%B8%B8%E0%B8%82/data=!4m7!3m6!1s0x313c0c112c05a545:0x37846441920511b8!8m2!3d17.3817967!4d104.7371141!16s%2Fg%2F11c52gpdsv!19sChIJRaUFLBEMPDERuBEFkkFkhDc?authuser=0&hl=th&rclk=1","ร้านเติมสุข","4.2","(24)","ร้านอาหาร","·","9PJP+PR9","ปิดอยู่","⋅ เปิด 09:00 พฤ.","https://lh5.googleusercontent.com/p/AF1QipPgIoRhzPt7ryQVWlKhOWtu62DCX-2dbzXb2DTr=w141-h92-k-no","นั่งรับประทานที่ร้าน","·","สั่งกลับบ้าน"
"https://www.google.co.th/maps/place/%E0%B8%A3%E0%B9%89%E0%B8%B2%E0%B8%99%E0%B8%A5%E0%B8%B2%E0%B8%9A+%E0%B8%81%E0%B9%89%E0%B8%AD%E0%B8%A2+%E0%B9%80%E0%B8%88%E0%B9%89%E0%B8%99%E0%B8%B8%E0%B8%8A%E0%B8%AD%E0%B8%B4%E0%B9%88%E0%B8%A1%E0%B8%AD%E0%B8%A3%E0%B9%88%E0%B8%AD%E0%B8%A2/data=!4m7!3m6!1s0x313c0b58c182e2fb:0x48f679bcc6bd3a3c!8m2!3d17.4060125!4d104.729526!16s%2Fg%2F11khhlyyz0!19sChIJ--KCwVgLPDERPDq9xrx59kg?authuser=0&hl=th&rclk=1","ร้านลาบ ก้อย เจ้นุชอิ่มอร่อย","","","ร้านอาหาร","·","บ้านนา 118 หมู่11","เปิด","⋅ ปิด 21:00","https://lh5.googleusercontent.com/p/AF1QipM8DZR0IL4azUbyKdwhhjSS2WdRqpI-AwBR0weA=w89-h92-k-no","สั่งกลับบ้าน","",""
"https://www.google.co.th/maps/place/%E0%B9%80%E0%B8%9B%E0%B9%80%E0%B8%A5%E0%B9%88%E0%B8%81%E0%B8%B0%E0%B9%80%E0%B8%9E%E0%B8%A3%E0%B8%B2%E0%B8%96%E0%B8%B2%E0%B8%94/data=!4m7!3m6!1s0x313c0d41fbbcd493:0xa1919e67635bf479!8m2!3d17.3914225!4d104.7278663!16s%2Fg%2F11twgd2ybp!19sChIJk9S8-0ENPDERefRbY2eekaE?authuser=0&hl=th&rclk=1","เปเล่กะเพราถาด","","","ร้านอาหาร","·","9PRH+J48","","","https://lh5.googleusercontent.com/p/AF1QipMwBUuRVqou295_GaQd31BXb-F5Z1FYh4mpAJk0=w122-h92-k-no","สั่งกลับบ้าน","",""
"https://www.google.co.th/maps/place/%E0%B8%A3%E0%B9%89%E0%B8%B2%E0%B8%99%E0%B8%97%E0%B8%A3%E0%B8%B1%E0%B8%9E%E0%B8%A2%E0%B9%8C%E0%B9%80%E0%B8%88%E0%B8%A3%E0%B8%B4%E0%B8%8D+%E0%B8%81%E0%B9%8B%E0%B8%A7%E0%B8%A2%E0%B9%80%E0%B8%95%E0%B8%B5%E0%B9%8B%E0%B8%A2%E0%B8%A7%E0%B9%80%E0%B8%88%E0%B9%8A%E0%B8%99%E0%B8%A7%E0%B8%A5/data=!4m7!3m6!1s0x313c0d9267426aa1:0x94739dfca4649daf!8m2!3d17.3870008!4d104.6925506!16s%2Fg%2F11j22nffzt!19sChIJoWpCZ5INPDERr51kpPydc5Q?authuser=0&hl=th&rclk=1","ร้านทรัพย์เจริญ ก๋วยเตี๋ยวเจ๊นวล","5.0","(5)","ร้านก๋วยเตี๋ยว","·","22","ปิดอยู่","⋅ เปิด 09:00 พฤ.","https://lh5.googleusercontent.com/p/AF1QipOs3wywQj1c4x6JU2BzDbgYXx9xOA1MmzdTordn=w115-h92-k-no","นั่งรับประทานที่ร้าน","·","สั่งกลับบ้าน"
"https://www.google.co.th/maps/place/%E0%B8%A3%E0%B9%89%E0%B8%B2%E0%B8%99%E0%B8%84%E0%B9%89%E0%B8%B2%E0%B8%84%E0%B8%93%E0%B8%B0%E0%B8%84%E0%B8%A3%E0%B8%B8%E0%B8%A8%E0%B8%B2%E0%B8%AA%E0%B8%95%E0%B8%A3%E0%B9%8C/data=!4m7!3m6!1s0x313c0de55d7a51af:0x8bf6aa0de5904006!8m2!3d17.3984325!4d104.7208145!16s%2Fg%2F11nrvnkjyc!19sChIJr1F6XeUNPDERBkCQ5Q2q9os?authuser=0&hl=th&rclk=1","ร้านค้าคณะครุศาสตร์","","","ร้านอาหาร","·","9PXC+98G Unnamed Road","เปิด 24 ชั่วโมง","","https://maps.gstatic.com/tactile/pane/result-no-thumbnail-1x.png","นั่งรับประทานที่ร้าน","·","สั่งกลับบ้าน"
"https://www.google.co.th/maps/place/%E0%B8%A3%E0%B9%89%E0%B8%B2%E0%B8%99%E0%B8%AA%E0%B9%89%E0%B8%A1%E0%B8%95%E0%B8%B3%E0%B9%80%E0%B8%88%E0%B9%8A%E0%B8%93%E0%B8%B5%E0%B8%AB%E0%B8%99%E0%B8%AD%E0%B8%87%E0%B8%8D%E0%B8%B2%E0%B8%95%E0%B8%B4/data=!4m7!3m6!1s0x313c0f5abfd0790f:0x4046f3aaea963b58!8m2!3d17.3796498!4d104.7382261!16s%2Fg%2F11gx_xdxn1!19sChIJD3nQv1oPPDERWDuW6qrzRkA?authuser=0&hl=th&rclk=1","ร้านส้มตำเจ๊ณีหนองญาติ","4.4","(11)","ร้านอาหาร","·","หมู่ที่ 6 147","เปิด","⋅ ปิด 21:00","https://lh5.googleusercontent.com/p/AF1QipPZbRceUQiPh20_J6Hpu0FmQwg0b9AZmzCCC4Pn=w122-h92-k-no","นั่งรับประทานที่ร้าน","·","สั่งกลับบ้าน"
"https://www.google.co.th/maps/place/%E0%B8%84%E0%B8%A3%E0%B8%B1%E0%B8%A7%E0%B8%81%E0%B8%B4%E0%B9%88%E0%B8%87%E0%B8%94%E0%B8%B2%E0%B8%A7/data=!4m7!3m6!1s0x313c0d940defe565:0xba82941e58057be3!8m2!3d17.3827917!4d104.7396982!16s%2Fg%2F11kltxr21d!19sChIJZeXvDZQNPDER43sFWB6Ugro?authuser=0&hl=th&rclk=1","ครัวกิ่งดาว","4.4","(11)","ร้านอาหาร","·","306","ใกล้ปิดแล้ว","⋅ 20:00 ⋅ เปิด 07:00 พฤ.","https://lh5.googleusercontent.com/p/AF1QipOfmqkg-4_W2YYuIMuo8wCMixev4Fk6lTepxeiI=w80-h106-k-no","นั่งรับประทานที่ร้าน","·","สั่งกลับบ้าน"
"https://www.google.co.th/maps/place/%E0%B8%A3%E0%B9%89%E0%B8%B2%E0%B8%99%E0%B8%AD%E0%B8%B2%E0%B8%AB%E0%B8%B2%E0%B8%A3%E0%B9%81%E0%B8%A5%E0%B8%B0%E0%B8%9A%E0%B9%88%E0%B8%AD%E0%B8%95%E0%B8%81%E0%B8%9B%E0%B8%A5%E0%B8%B2/data=!4m7!3m6!1s0x313c0df1242af773:0x19282e87647f7827!8m2!3d17.3807579!4d104.7011115!16s%2Fg%2F11v9lk1v9h!19sChIJc_cqJPENPDERJ3h_ZIcuKBk?authuser=0&hl=th&rclk=1","ร้านอาหารและบ่อตกปลา","","","ร้านอาหาร","·","197","","","https://maps.gstatic.com/tactile/pane/result-no-thumbnail-1x.png","นั่งรับประทานที่ร้าน","·","สั่งกลับบ้าน"
"https://www.google.co.th/maps/place/MAX+%E0%B9%84%E0%B8%81%E0%B9%88%E0%B8%97%E0%B8%AD%E0%B8%94%E0%B8%AB%E0%B8%99%E0%B8%AD%E0%B8%87%E0%B8%8D%E0%B8%B2%E0%B8%95%E0%B8%B4/data=!4m7!3m6!1s0x313c0c16de4599d9:0x4e73834a43184fa0!8m2!3d17.3801676!4d104.7372001!16s%2Fg%2F11fzqxfb1f!19sChIJ2ZlF3hYMPDERoE8YQ0qDc04?authuser=0&hl=th&rclk=1","MAX ไก่ทอดหนองญาติ","5.0","(1)","ร้านอาหาร","·","99 2 ถนน โยธาธิการ นครพนม 3077","ใกล้ปิดแล้ว","⋅ 20:00 ⋅ เปิด 11:00 พฤ.","https://streetviewpixels-pa.googleapis.com/v1/thumbnail?panoid=Ogra2iWZJDjaOyNjR5G1rA&cb_client=search.gws-prod.gps&w=80&h=92&yaw=268.27164&pitch=0&thumbfov=100","สั่งกลับบ้าน","",""
"https://www.google.co.th/maps/place/%E0%B8%84%E0%B8%B2%E0%B9%80%E0%B8%9F%E0%B9%88+%26%E2%80%8B+%E0%B8%98%E0%B8%A3%E0%B8%A3%E0%B8%A1%E0%B8%8A%E0%B8%B2%E0%B8%95%E0%B8%B4%E2%80%8B%E0%B8%A3%E0%B8%B5%E2%80%8B%E0%B8%AA%E0%B8%AD%E0%B8%A3%E0%B9%8C%E0%B8%97+@+%E0%B8%99%E0%B8%84%E0%B8%A3%E0%B8%9E%E0%B8%99%E0%B8%A1%E2%80%8B/data=!4m10!3m9!1s0x313c0d9e3f002533:0xbe9be3e65272f324!5m2!4m1!1i2!8m2!3d17.3861597!4d104.7062846!16s%2Fg%2F11jrpc_lr1!19sChIJMyUAP54NPDERJPNyUubjm74?authuser=0&hl=th&rclk=1","คาเฟ่ &​ ธรรมชาติ​รี​สอร์ท @ นครพนม​","4.6","(70)","ร้านอาหาร","","","","","https://lh5.googleusercontent.com/p/AF1QipPkFI48AMxVk8HvBJ-eTDLthmXQBkVrwIetBw_H=w80-h106-k-no","นั่งรับประทานที่ร้าน","·","สั่งกลับบ้าน"
"https://www.google.co.th/maps/place/%E0%B8%81%E0%B9%8B%E0%B8%A7%E0%B8%A2%E0%B9%80%E0%B8%95%E0%B8%B5%E0%B9%8B%E0%B8%A2%E0%B8%A7%E0%B9%84%E0%B8%81%E0%B9%88%E0%B8%A1%E0%B8%B0%E0%B8%A3%E0%B8%B0+%E0%B9%80%E0%B8%88%E0%B9%8A%E0%B8%AB%E0%B8%99%E0%B9%88%E0%B8%AD%E0%B8%A2+%E0%B8%AB%E0%B8%99%E0%B9%89%E0%B8%B2%E0%B8%AA%E0%B8%99%E0%B8%B2%E0%B8%A1%E0%B8%9A%E0%B8%B4%E0%B8%99%E0%B8%99%E0%B8%84%E0%B8%A3%E0%B8%9E%E0%B8%99%E0%B8%A1/data=!4m7!3m6!1s0x313c0dbca123455b:0x97aa0d0568ccbe52!8m2!3d17.3695089!4d104.6749728!16s%2Fg%2F11swvd_5gz!19sChIJW0UjobwNPDERUr7MaAUNqpc?authuser=0&hl=th&rclk=1","ก๋วยเตี๋ยวไก่มะระ เจ๊หน่อย หน้าสนามบินนครพนม","4.9","(7)","ร้านก๋วยเตี๋ยว","·","9M9F+RX5","ปิดอยู่","⋅ เปิด 09:00 พฤ.","https://lh5.googleusercontent.com/p/AF1QipP-6EKiogGGxKuDsFuDGRe28SsCWJwp315gEWQb=w122-h92-k-no","นั่งรับประทานที่ร้าน","·","สั่งกลับบ้าน"
"https://www.google.co.th/maps/place/%E0%B8%9B%E0%B8%B4%E0%B9%89%E0%B8%87%E0%B8%A2%E0%B9%88%E0%B8%B2%E0%B8%87%E0%B8%AB%E0%B8%A1%E0%B9%88%E0%B8%B2%E0%B8%A5%E0%B9%88%E0%B8%B2%26%E0%B8%99%E0%B9%89%E0%B8%B3%E0%B8%9B%E0%B8%B1%E0%B9%88%E0%B8%99%E0%B8%9A%E0%B9%89%E0%B8%B2%E0%B8%99%E0%B9%80%E0%B8%A5%E0%B8%82%E0%B8%97%E0%B8%B5%E0%B9%88100/data=!4m7!3m6!1s0x313c0be14c6354a9:0x8dca7b025b77e781!8m2!3d17.4188854!4d104.6995991!16s%2Fg%2F11v9yskxc4!19sChIJqVRjTOELPDERged3WwJ7yo0?authuser=0&hl=th&rclk=1","ปิ้งย่างหม่าล่า&น้ำปั่นบ้านเลขที่100","","","ร้านอาหาร","·","บ้าน 100​ หมู่3","","","https://streetviewpixels-pa.googleapis.com/v1/thumbnail?panoid=i4tANqx_kJTqhlyKJtprrg&cb_client=search.gws-prod.gps&w=80&h=92&yaw=286.7075&pitch=0&thumbfov=100","สั่งกลับบ้าน","",""
"https://www.google.co.th/maps/place/Nakhonphanom+Park+Cafe+%26+Bar/data=!4m7!3m6!1s0x313c0daa6db436c9:0xb867f794a6ff61d9!8m2!3d17.3830097!4d104.7320407!16s%2Fg%2F11ry7vnh8x!19sChIJyTa0baoNPDER2WH_ppT3Z7g?authuser=0&hl=th&rclk=1","Nakhonphanom Park Cafe & Bar","3.5","(2)","ร้านอาหาร","·","เลขที่ 22","เปิด","⋅ ปิด 22:00","https://lh5.googleusercontent.com/p/AF1QipOb3XX6TlbroSiEex2M8wk_rlBVilGNduFzfdAK=w80-h142-k-no","นั่งรับประทานที่ร้าน","·","ไดรฟ์ทรู"
"https://www.google.co.th/maps/place/%E0%B8%A3%E0%B9%89%E0%B8%B2%E0%B8%99%E0%B8%81%E0%B9%8B%E0%B8%A7%E0%B8%A2%E0%B9%80%E0%B8%95%E0%B8%B5%E0%B9%8B%E0%B8%A2%E0%B8%A7%E0%B8%AA%E0%B8%A1%E0%B9%82%E0%B8%A0%E0%B8%8A%E0%B8%99%E0%B9%8C%E0%B9%82%E0%B8%84%E0%B8%95%E0%B8%A3%E0%B9%81%E0%B8%8B%E0%B8%9A/data=!4m7!3m6!1s0x313c0d10125483a1:0xaf12bbf44e932659!8m2!3d17.3831681!4d104.7145608!16s%2Fg%2F11vj9vz4qk!19sChIJoYNUEhANPDERWSaTTvS7Eq8?authuser=0&hl=th&rclk=1","ร้านก๋วยเตี๋ยวสมโภชน์โคตรแซบ","","","ร้านก๋วยเตี๋ยว","·","141","","","https://streetviewpixels-pa.googleapis.com/v1/thumbnail?panoid=13ZV2Ghcq4VP6Xj-2uinIg&cb_client=search.gws-prod.gps&w=80&h=92&yaw=156.92815&pitch=0&thumbfov=100","นั่งรับประทานที่ร้าน","·","สั่งกลับบ้าน"
"https://www.google.co.th/maps/place/%E0%B8%95%E0%B8%A5%E0%B8%B2%E0%B8%94%E0%B8%99%E0%B8%B1%E0%B8%94%E0%B8%8A%E0%B8%B8%E0%B8%A1%E0%B8%8A%E0%B8%99%E0%B8%9A%E0%B9%89%E0%B8%B2%E0%B8%99%E0%B9%80%E0%B8%99%E0%B8%B4%E0%B8%99%E0%B8%AA%E0%B8%B0%E0%B8%AD%E0%B8%B2%E0%B8%94/data=!4m7!3m6!1s0x313c0c73c7e9af23:0x4c0fdfab5120ff7c!8m2!3d17.3921532!4d104.7241578!16s%2Fg%2F11c6tzdthb!19sChIJI6_px3MMPDERfP8gUavfD0w?authuser=0&hl=th&rclk=1","ตลาดนัดชุมชนบ้านเนินสะอาด","4.6","(5)","ร้านอาหาร","·","9PRF+VM7","ปิดอยู่","⋅ เปิด 03:00 พฤ.","https://lh5.googleusercontent.com/p/AF1QipMVmu-oeQr4P2kM5PLY0qbj_fO7iC6FhuQSNPLP=w80-h106-k-no","สั่งกลับบ้าน","",""
"https://www.google.co.th/maps/place/A10%E0%B8%8A%E0%B8%B2%E0%B8%9A%E0%B8%B9/data=!4m7!3m6!1s0x313c0bb8debd032f:0xe61bd047b7e48d74!8m2!3d17.4188854!4d104.6995991!16s%2Fg%2F11h219rbd7!19sChIJLwO93rgLPDERdI3kt0fQG-Y?authuser=0&hl=th&rclk=1","A10ชาบู","","","ร้านอาหาร","·","เลขที่ 326 หมู่ 8 หมู่บ้าน เนินสะอาด","เปิด","⋅ ปิด 22:00","https://streetviewpixels-pa.googleapis.com/v1/thumbnail?panoid=i4tANqx_kJTqhlyKJtprrg&cb_client=search.gws-prod.gps&w=80&h=92&yaw=286.7075&pitch=0&thumbfov=100","นั่งรับประทานที่ร้าน","·","สั่งกลับบ้าน"
"https://www.google.co.th/maps/place/%E0%B8%A3%E0%B9%89%E0%B8%B2%E0%B8%99%E0%B8%81%E0%B9%8B%E0%B8%A7%E0%B8%A2%E0%B9%80%E0%B8%95%E0%B8%B5%E0%B9%8B%E0%B8%A2%E0%B8%A7%E0%B8%A5%E0%B8%B8%E0%B8%87%E0%B9%80%E0%B8%94%E0%B8%8A/data=!4m7!3m6!1s0x313c0c17bb2b8d41:0x1bab99884bc10936!8m2!3d17.3821327!4d104.736911!16s%2Fg%2F1pzwfcm0p!19sChIJQY0ruxcMPDERNgnBS4iZqxs?authuser=0&hl=th&rclk=1","ร้านก๋วยเตี๋ยวลุงเดช","4.2","(91)","ร้านก๋วยเตี๋ยว","·","30 หมู่ 12, ถนนหนองญาติ-นาแก, ตำบลหนองญาติ อำเภอเมือง จังหวัดนครพนม, 48000","ปิดอยู่","⋅ เปิด 08:00 พฤ.","https://lh5.googleusercontent.com/p/AF1QipMpnhxLxhMu9aPxR0ykS71tbglR5fbrU5wGgAVn=w122-h92-k-no","นั่งรับประทานที่ร้าน","·","สั่งกลับบ้าน"
"https://www.google.co.th/maps/place/%E0%B8%84%E0%B8%A3%E0%B8%B1%E0%B8%A7%E0%B8%9E%E0%B8%A3%E0%B8%97%E0%B8%B4%E0%B8%9E%E0%B8%A2%E0%B9%8C+%E0%B8%AD%E0%B8%B2%E0%B8%AB%E0%B8%B2%E0%B8%A3%E0%B8%95%E0%B8%B2%E0%B8%A1%E0%B8%AA%E0%B8%B1%E0%B9%88%E0%B8%87/data=!4m7!3m6!1s0x313c0c1724b363c9:0x59d54b4921891e74!8m2!3d17.38039!4d104.7371785!16s%2Fg%2F11dx8ptmkq!19sChIJyWOzJBcMPDERdB6JIUlL1Vk?authuser=0&hl=th&rclk=1","ครัวพรทิพย์ อาหารตามสั่ง","3.8","(31)","ร้านอาหาร","·","106 ถนนเลี่ยงเมือง","ปิดอยู่","⋅ เปิด 05:00 พฤ.","https://lh5.googleusercontent.com/p/AF1QipNlvi8eY39cqk15-4OXyHK9VnWSUz-ZEkteZ4JO=w122-h92-k-no","นั่งรับประทานที่ร้าน","·","รับสินค้าโดยไม่ต้องลงจากรถ"
"https://www.google.co.th/maps/place/%E0%B8%AD%E0%B8%B2%E0%B8%AB%E0%B8%B2%E0%B8%A3%E0%B9%80%E0%B8%8A%E0%B9%89%E0%B8%B2+%E0%B9%80%E0%B8%9E%E0%B8%B7%E0%B9%88%E0%B8%AD%E0%B8%AA%E0%B8%B8%E0%B8%82%E0%B8%A0%E0%B8%B2%E0%B8%9E/data=!4m7!3m6!1s0x313c0b63f24663e3:0xcf535c8e21f1db07!8m2!3d17.4003575!4d104.7339708!16s%2Fg%2F11pzw4qg90!19sChIJ42NG8mMLPDERB9vxIY5cU88?authuser=0&hl=th&rclk=1","อาหารเช้า เพื่อสุขภาพ","5.0","(1)","อาหารจานด่วน","·","320 หมู่ 11 บ้านนา","ปิดอยู่","⋅ เปิด 06:00 พฤ.","https://lh5.googleusercontent.com/p/AF1QipPZCUmk8UmXVt13M6T6r3Fe3wsHZwsVP91xKE-E=w122-h92-k-no","นั่งรับประทานที่ร้าน","·","รับสินค้าโดยไม่ต้องลงจากรถ"
"https://www.google.co.th/maps/place/%E0%B8%9A%E0%B9%89%E0%B8%B2%E0%B8%99%E0%B8%99%E0%B9%89%E0%B8%AD%E0%B8%87%E0%B9%84%E0%B8%AD%E0%B8%8B%E0%B9%8C/data=!4m7!3m6!1s0x313c0d841bdc7067:0xaa3eb291650304b1!8m2!3d17.3926602!4d104.7269212!16s%2Fg%2F11vq8j_s7m!19sChIJZ3DcG4QNPDERsQQDZZGyPqo?authuser=0&hl=th&rclk=1","บ้านน้องไอซ์","","","ร้านอาหาร","·","บ้าน 142 หมู่8","","","https://streetviewpixels-pa.googleapis.com/v1/thumbnail?panoid=Nszuu7dgwizH7Ofmg7twpg&cb_client=search.gws-prod.gps&w=80&h=92&yaw=269.44055&pitch=0&thumbfov=100","","",""
"https://www.google.co.th/maps/place/%E0%B8%A3%E0%B9%89%E0%B8%B2%E0%B8%99%E0%B8%82%E0%B9%89%E0%B8%B2%E0%B8%A7%E0%B8%9B%E0%B8%B8%E0%B9%89%E0%B8%99%E0%B9%80%E0%B8%9E%E0%B8%B4%E0%B9%88%E0%B8%A1%E0%B8%9E%E0%B8%B9%E0%B8%A5%26%E0%B8%AA%E0%B9%89%E0%B8%A1%E0%B8%95%E0%B8%B3%26%E0%B9%84%E0%B8%81%E0%B9%88%E0%B8%97%E0%B8%AD%E0%B8%94%E0%B9%80%E0%B8%88%E0%B9%8A%E0%B9%80%E0%B8%AD%E0%B9%8B/data=!4m7!3m6!1s0x313c0c172db07f45:0x1ad50efb8674a6f3!8m2!3d17.381168!4d104.7380332!16s%2Fg%2F11gf5tmnlv!19sChIJRX-wLRcMPDER86Z0hvsO1Ro?authuser=0&hl=th&rclk=1","ร้านข้าวปุ้นเพิ่มพูล&ส้มตำ&ไก่ทอดเจ๊เอ๋","3.3","(3)","ร้านอาหาร","·","9PJQ+F67","เปิดอยู่","⋅ ปิด 08:30 พฤ.","https://lh5.googleusercontent.com/p/AF1QipPAJFx7GtET6D8SvSwsJrubSI7vjeRFBgMLjL3E=w163-h92-k-no","นั่งรับประทานที่ร้าน","·","สั่งกลับบ้าน"
"https://www.google.co.th/maps/place/%E0%B8%A3%E0%B9%89%E0%B8%B2%E0%B8%99%E0%B8%84%E0%B8%A3%E0%B8%B1%E0%B8%A7%E0%B8%9B%E0%B8%A5%E0%B8%B1%E0%B8%94/data=!4m7!3m6!1s0x313c0c1a16390d5d:0xc565751be7fd5ed6!8m2!3d17.382082!4d104.7418016!16s%2Fg%2F11fx8wdqcd!19sChIJXQ05FhoMPDER1l795xt1ZcU?authuser=0&hl=th&rclk=1","ร้านครัวปลัด","4.2","(12)","ร้านอาหาร","·","481 หมู่ 6 บ้าน หนอง ญาติ","ใกล้ปิดแล้ว","⋅ 20:00 ⋅ เปิด 07:00 พฤ.","https://lh5.googleusercontent.com/p/AF1QipNHQ2fsTLUd5RTn9qGrUITECY78Ns2gCP_1nv2_=w122-h92-k-no","นั่งรับประทานที่ร้าน","·","สั่งกลับบ้าน"
"https://www.google.co.th/maps/place/%E0%B8%A3%E0%B9%89%E0%B8%B2%E0%B8%99%E0%B8%A1%E0%B8%B2%E0%B8%8B%E0%B8%B4%E0%B8%88%E0%B9%8A%E0%B8%B0BrawNy/data=!4m7!3m6!1s0x313c0d337e6cf04f:0xb8f7fdaab546335f!8m2!3d17.3791215!4d104.737386!16s%2Fg%2F11h4gms7m8!19sChIJT_BsfjMNPDERXzNGtar997g?authuser=0&hl=th&rclk=1","ร้านมาซิจ๊ะBrawNy","4.0","(3)","ร้านอาหาร","·","201 หมู่2","เปิด","⋅ ปิด 23:00","https://lh5.googleusercontent.com/p/AF1QipOgpIJovTJrgAtBkOmHAUD11yIC5qF45DiBmhB2=w163-h92-k-no","นั่งรับประทานที่ร้าน","·","สั่งกลับบ้าน"
"https://www.google.co.th/maps/place/%E0%B8%AB%E0%B8%A5%E0%B8%B1%E0%B8%87%E0%B8%95%E0%B8%B9%E0%B9%89%E0%B8%84%E0%B8%B2%E0%B9%80%E0%B8%9F%E0%B9%88+%E0%B9%80%E0%B8%A1%E0%B8%99%E0%B8%B9%E0%B9%80%E0%B8%99%E0%B8%B7%E0%B9%89%E0%B8%AD%E0%B9%86/data=!4m7!3m6!1s0x313c0d4b95bf1ce7:0x93f25642d4c7d2ee!8m2!3d17.3903436!4d104.7257009!16s%2Fg%2F11h2n2f3j6!19sChIJ5xy_lUsNPDER7tLH1EJW8pM?authuser=0&hl=th&rclk=1","หลังตู้คาเฟ่ เมนูเนื้อๆ","","","ร้านอาหาร","·","9PRG+47P","เปิด 24 ชั่วโมง","","https://streetviewpixels-pa.googleapis.com/v1/thumbnail?panoid=okVQs6dsZJRLxzD7h_JbaA&cb_client=search.gws-prod.gps&w=80&h=92&yaw=66.13064&pitch=0&thumbfov=100","นั่งรับประทานที่ร้าน","·","สั่งกลับบ้าน"
"https://www.google.co.th/maps/place/%E0%B8%84%E0%B8%A3%E0%B8%B1%E0%B8%A7%E0%B8%84%E0%B8%B8%E0%B8%93%E0%B8%AA%E0%B8%B2/data=!4m7!3m6!1s0x313c0dda3e7297cb:0x56519d5fa8549476!8m2!3d17.3822853!4d104.7146184!16s%2Fg%2F11st8x9fx0!19sChIJy5dyPtoNPDERdpRUqF-dUVY?authuser=0&hl=th&rclk=1","ครัวคุณสา","","","ร้านอาหาร","·","59 1","ปิดอยู่","⋅ เปิด 07:00 พฤ.","https://lh5.googleusercontent.com/p/AF1QipODknFho8ZXDCq3KSad-_sVUtWZ9wBrZyHSb1Mr=w80-h113-k-no","นั่งรับประทานที่ร้าน","·","สั่งกลับบ้าน"
"https://www.google.co.th/maps/place/%E0%B8%84%E0%B8%A3%E0%B8%B1%E0%B8%A7%E0%B8%A7%E0%B8%AA%E0%B8%B8/data=!4m7!3m6!1s0x313c0d89ce8ebfc5:0x649786a9ce9170fc!8m2!3d17.3987359!4d104.7161805!16s%2Fg%2F11svnh6px_!19sChIJxb-OzokNPDER_HCRzqmGl2Q?authuser=0&hl=th&rclk=1","ครัววสุ","","","อาหารจานด่วน","·","ซอยข้าง ม.นครพนม, 253/3 บ้าน","","","https://streetviewpixels-pa.googleapis.com/v1/thumbnail?panoid=8lEWb0LGUZex2yn-eYNicA&cb_client=search.gws-prod.gps&w=80&h=92&yaw=226.10425&pitch=0&thumbfov=100","สั่งกลับบ้าน","",""
"https://www.google.co.th/maps/place/%E0%B8%A3%E0%B9%89%E0%B8%B2%E0%B8%99%E0%B9%81%E0%B8%A1%E0%B9%88%E0%B8%9E%E0%B8%B4%E0%B8%99%E0%B8%A5%E0%B8%B2%E0%B8%9A%E0%B8%81%E0%B9%89%E0%B8%AD%E0%B8%A2/data=!4m7!3m6!1s0x313c0dea273d163f:0x9fcbb6ec2cc4301!8m2!3d17.3947057!4d104.7248332!16s%2Fg%2F11k65ynrh9!19sChIJPxY9J-oNPDERAUPMwm67_Ak?authuser=0&hl=th&rclk=1","ร้านแม่พินลาบก้อย","","","ร้านอาหาร","·","ต 252 ม.8 บ","ปิดอยู่","⋅ เปิด 09:00 พฤ.","https://lh5.googleusercontent.com/p/AF1QipPsZ16Vc-Qj-QfYj_k46EmmWOVsxbH5xGvIzhgo=w80-h106-k-no","นั่งรับประทานที่ร้าน","·","สั่งกลับบ้าน"
"https://www.google.co.th/maps/place/%E0%B8%A3%E0%B9%89%E0%B8%B2%E0%B8%99%E0%B8%AD%E0%B8%B2%E0%B8%AB%E0%B8%B2%E0%B8%A3%E0%B9%80%E0%B8%88%E0%B9%89%E0%B8%B2%E0%B8%AA%E0%B8%B3%E0%B8%A3%E0%B8%B2%E0%B8%8D%E0%B8%99%E0%B8%84%E0%B8%A3%E0%B8%9E%E0%B8%99%E0%B8%A1/data=!4m7!3m6!1s0x313c0ba3ad7a5db9:0xa72fe658180e7840!8m2!3d17.4518495!4d104.7461218!16s%2Fg%2F11rcq3bnht!19sChIJuV16raMLPDERQHgOGFjmL6c?authuser=0&hl=th&rclk=1","ร้านอาหารเจ้าสำราญนครพนม","4.8","(19)","ร้านอาหาร","·","·","เปิด","⋅ ปิด 23:00","https://lh5.googleusercontent.com/p/AF1QipNiwwyRtGax3A5SLSQYfW_ysUUKKY6n0YINhzCK=w122-h92-k-no","นั่งรับประทานที่ร้าน","·","สั่งกลับบ้าน"
"https://www.google.co.th/maps/place/%E0%B8%A3%E0%B9%89%E0%B8%B2%E0%B8%99%E0%B9%80%E0%B8%9B%E0%B9%8B%E0%B8%99%E0%B8%9B%E0%B8%A5%E0%B8%B2%E0%B9%80%E0%B8%9B%E0%B9%87%E0%B8%99/data=!4m7!3m6!1s0x313c0ddb33c9dcfd:0xf90b87955fc46c44!8m2!3d17.4497508!4d104.7470192!16s%2Fg%2F11c52rrhbc!19sChIJ_dzJM9sNPDERRGzEX5WHC_k?authuser=0&hl=th&rclk=1","ร้านเป๋นปลาเป็น","4.4","(1,160)","ร้านอาหาร","·","115 หมู่ที่ 6 หมู่บ้าน อาจสามารถ","เปิด","⋅ ปิด 21:00","https://lh5.googleusercontent.com/p/AF1QipPcDTc7ctRR4roZA6DIbUoHTHCbDXp80qaqW1km=w122-h92-k-no","นั่งรับประทานที่ร้าน","·","สั่งกลับบ้าน"
"https://www.google.co.th/maps/place/%E0%B8%84%E0%B8%A3%E0%B8%B1%E0%B8%A7%E0%B8%9E%E0%B8%A3%E0%B8%95%E0%B8%B0%E0%B8%A7%E0%B8%B1%E0%B8%99/data=!4m7!3m6!1s0x313c0c1a7475e0fd:0xbcc6177e2e90cacf!8m2!3d17.3828904!4d104.7410389!16s%2Fg%2F11gg6c4lwv!19sChIJ_eB1dBoMPDERz8qQLn4Xxrw?authuser=0&hl=th&rclk=1","ครัวพรตะวัน","3.8","(5)","ร้านอาหาร","·","9PMR+5C3 ต","เปิด","⋅ ปิด 21:00","https://lh5.googleusercontent.com/p/AF1QipOnWyIrWUk012J431KjSwlYGDcA5fqgV-ZYIJDq=w122-h92-k-no","นั่งรับประทานที่ร้าน","·","สั่งกลับบ้าน"
"https://www.google.co.th/maps/place/%E0%B8%A3%E0%B9%89%E0%B8%B2%E0%B8%99%E0%B8%AD%E0%B8%B2%E0%B8%AB%E0%B8%B2%E0%B8%A3%E0%B8%AE%E0%B8%B4%E0%B8%A1%E0%B8%97%E0%B8%B2%E0%B8%87/data=!4m7!3m6!1s0x313c0d4185e3ee6f:0xe3b208bfcc103e30!8m2!3d17.3966891!4d104.687936!16s%2Fg%2F11shnpwy2v!19sChIJb-7jhUENPDERMD4QzL8IsuM?authuser=0&hl=th&rclk=1","ร้านอาหารฮิมทาง","","","ร้านอาหาร","·","214 ต","ปิดอยู่","⋅ เปิด 09:00 พฤ.","https://lh5.googleusercontent.com/p/AF1QipOezxio8iiWGc2rQg7wut47Hg2wiu9ODixcrMXp=w122-h92-k-no","นั่งรับประทานที่ร้าน","·","สั่งกลับบ้าน"
"https://www.google.co.th/maps/place/%E0%B8%95%E0%B8%B3%E0%B9%81%E0%B8%8B%E0%B8%9A+%E0%B8%A2%E0%B8%B3%E0%B8%99%E0%B8%B1%E0%B8%A7+By+%E0%B9%80%E0%B8%88%E0%B9%87%E0%B8%95%E0%B8%B8%E0%B9%89%E0%B8%A2/data=!4m7!3m6!1s0x313c0d8568936c91:0x9ad33a9a6ebd3f58!8m2!3d17.3928257!4d104.7268715!16s%2Fg%2F11vzqgltj_!19sChIJkWyTaIUNPDERWD-9bpo605o?authuser=0&hl=th&rclk=1","ตำแซบ ยำนัว By เจ็ตุ้ย","","","อาหารจานด่วน","·","บ้าน 168/8","เปิด 24 ชั่วโมง","","https://lh5.googleusercontent.com/p/AF1QipMs2Jo9HDyY1TjPRJhQqJOU_aT9gsNwiSlNe9GS=w115-h92-k-no","นั่งรับประทานที่ร้าน","·","ไดรฟ์ทรู"
"https://www.google.co.th/maps/place/%E0%B8%A3%E0%B9%89%E0%B8%B2%E0%B8%99%E0%B8%AB%E0%B8%B1%E0%B8%A7%E0%B8%A1%E0%B8%B8%E0%B8%A1%E0%B8%AD%E0%B8%B2%E0%B8%AB%E0%B8%B2%E0%B8%A3%E0%B8%95%E0%B8%B2%E0%B8%A1%E0%B8%AA%E0%B8%B1%E0%B9%88%E0%B8%87+%E0%B8%A1.%E0%B8%99%E0%B8%84%E0%B8%A3%E0%B8%9E%E0%B8%99%E0%B8%A1/data=!4m7!3m6!1s0x313c0d21eb9d7335:0x47bf325bfbc00bbf!8m2!3d17.3941156!4d104.7239612!16s%2Fg%2F11r9bj_vbm!19sChIJNXOd6yENPDERvwvA-1syv0c?authuser=0&hl=th&rclk=1","ร้านหัวมุมอาหารตามสั่ง ม.นครพนม","","","ร้านอาหาร","·","9PVF+JHW Nern Sa-At Road","ปิดอยู่","⋅ เปิด 09:00 พฤ.","https://lh5.googleusercontent.com/p/AF1QipM-fPICI9otHdHxlaCoh0CRr-cfqND4d4ixTbpo=w80-h106-k-no","นั่งรับประทานที่ร้าน","·","สั่งกลับบ้าน"
"https://www.google.co.th/maps/place/%E0%B8%A3%E0%B9%89%E0%B8%B2%E0%B8%99%E0%B8%A5%E0%B8%B2%E0%B8%9A%E0%B9%80%E0%B8%9B%E0%B9%87%E0%B8%94%E0%B8%99%E0%B8%B2%E0%B8%A3%E0%B8%B2%E0%B8%8A/data=!4m7!3m6!1s0x313c0d00457da909:0x5e18b48116996ab9!8m2!3d17.3973482!4d104.737075!16s%2Fg%2F11vx718n2d!19sChIJCal9RQANPDERuWqZFoG0GF4?authuser=0&hl=th&rclk=1","ร้านลาบเป็ดนาราช","","","เหมาะสำหรับครอบครัว","·","9PWP+WR","","","https://streetviewpixels-pa.googleapis.com/v1/thumbnail?panoid=EI2qxNHke99ecUpcKgfW6Q&cb_client=search.gws-prod.gps&w=80&h=92&yaw=161.96382&pitch=0&thumbfov=100","นั่งรับประทานที่ร้าน","·","สั่งกลับบ้าน"
"https://www.google.co.th/maps/place/%E0%B9%80%E0%B8%88%E0%B9%89%E0%B9%83%E0%B8%AB%E0%B8%A1%E0%B9%88%E0%B8%AB%E0%B8%AD%E0%B8%A2%E0%B8%97%E0%B8%AD%E0%B8%94/data=!4m7!3m6!1s0x313c0d5f81e6db4f:0xe8b139e2891a4db7!8m2!3d17.3793569!4d104.7358851!16s%2Fg%2F11vj9xyphq!19sChIJT9vmgV8NPDERt00aieI5seg?authuser=0&hl=th&rclk=1","เจ้ใหม่หอยทอด","","","ไทย","·","58","เปิด 24 ชั่วโมง","","https://lh5.googleusercontent.com/p/AF1QipO2sdgYjt4ANBpTdLjlFkcxgoYNzEpyO3dDmKI2=w80-h106-k-no","นั่งรับประทานที่ร้าน","·","สั่งกลับบ้าน"
"https://www.google.co.th/maps/place/%E0%B8%A3%E0%B9%89%E0%B8%B2%E0%B8%99%E0%B8%A3%E0%B8%B1%E0%B8%95%E0%B8%99%E0%B9%8C%E0%B8%A3%E0%B8%B4%E0%B8%A1%E0%B9%82%E0%B8%82%E0%B8%87/data=!4m7!3m6!1s0x313c0bd4b247b0d1:0xbf16467fa2e4daf8!8m2!3d17.4522228!4d104.7460245!16s%2Fg%2F11sy9067zc!19sChIJ0bBHstQLPDER-Nrkon9GFr8?authuser=0&hl=th&rclk=1","ร้านรัตน์ริมโขง","4.5","(33)","ร้านอาหาร","·","57","เปิด","⋅ ปิด 21:30","https://lh5.googleusercontent.com/p/AF1QipN5B3hF07s07VZP38T2H1sg4gnYvq4SKFzcPTKw=w122-h92-k-no","นั่งรับประทานที่ร้าน","·","รับสินค้าโดยไม่ต้องลงจากรถ"
"https://www.google.co.th/maps/place/%E0%B9%80%E0%B8%95%E0%B8%B4%E0%B8%9A%E0%B9%82%E0%B8%95./data=!4m7!3m6!1s0x313c0ba357188945:0xbde0c5098255faa9!8m2!3d17.4517132!4d104.7462736!16s%2Fg%2F11p_19y_xy!19sChIJRYkYV6MLPDERqfpVggnF4L0?authuser=0&hl=th&rclk=1","เติบโต.","4.5","(75)","เหมาะสำหรับครอบครัว","·","FP2W+MGJ","เปิด","⋅ ปิด 22:00","https://lh5.googleusercontent.com/p/AF1QipOC2X15ScM5btp6lCWI88eBohvLX--goUSV1-0z=w122-h92-k-no","นั่งรับประทานที่ร้าน","·","สั่งกลับบ้าน"
"https://www.google.co.th/maps/place/%E0%B8%A3%E0%B9%89%E0%B8%B2%E0%B8%99%E0%B8%9E%E0%B8%B5%E0%B9%88%E0%B9%84%E0%B8%AD%E0%B8%A3%E0%B8%B4%E0%B8%AA%E0%B8%99%E0%B9%89%E0%B8%AD%E0%B8%87%E0%B8%A7%E0%B8%B1%E0%B8%99%E0%B9%83%E0%B8%AB%E0%B8%A1%E0%B9%88/data=!4m7!3m6!1s0x313c0bfe344a73f1:0xa118d18b6608ac5c!8m2!3d17.4037203!4d104.683642!16s%2Fg%2F11k57z81t5!19sChIJ8XNKNP4LPDERXKwIZovRGKE?authuser=0&hl=th&rclk=1","ร้านพี่ไอริสน้องวันใหม่","","","อาหารจานเล็ก","·","บ้านนามูลฮิ้น","ปิดอยู่","⋅ เปิด 08:30 พฤ.","https://streetviewpixels-pa.googleapis.com/v1/thumbnail?panoid=xTbxVHaCzDSW7jyzhDcE0g&cb_client=search.gws-prod.gps&w=80&h=92&yaw=253.09995&pitch=0&thumbfov=100","นั่งรับประทานที่ร้าน","·","รับสินค้าโดยไม่ต้องลงจากรถ"
"https://www.google.co.th/maps/place/%E0%B9%82%E0%B8%81%E0%B9%80%E0%B8%94%E0%B9%89%E0%B8%87%E0%B8%A7%E0%B8%B1%E0%B8%99%E0%B9%80%E0%B8%A7%E0%B8%A2%E0%B9%8C+%E0%B8%AB%E0%B8%99%E0%B8%AD%E0%B8%87%E0%B8%8D%E0%B8%B2%E0%B8%95%E0%B8%B4/data=!4m7!3m6!1s0x313c0dc271f15009:0x7dcb88c893eb9e96!8m2!3d17.3835422!4d104.7363721!16s%2Fg%2F11v5_322db!19sChIJCVDxccINPDERlp7rk8iIy30?authuser=0&hl=th&rclk=1","โกเด้งวันเวย์ หนองญาติ","","","ร้านอาหาร","·","บ้านเลขที่ 354 หมู่ 2 บ้านหนองญาติ","เปิด","⋅ ปิด 22:00","https://lh5.googleusercontent.com/p/AF1QipML1lxEfbP_4ILcBla2dX5WUYSxtGA2jJJnoF6_=w95-h92-k-no","นั่งรับประทานที่ร้าน","·","ไดรฟ์ทรู"
"https://www.google.co.th/maps/place/%E0%B9%80%E0%B8%AE%E0%B8%87+%E0%B9%80%E0%B8%95%E0%B8%B5%E0%B9%8B%E0%B8%A2%E0%B8%A7%E0%B9%84%E0%B8%81%E0%B9%88%E0%B8%8B%E0%B8%B4%E0%B9%88%E0%B8%87/data=!4m7!3m6!1s0x313c0dc24e6c7ecb:0x4605350eb67e9076!8m2!3d17.3899398!4d104.7271162!16s%2Fg%2F11l5q100dj!19sChIJy35sTsINPDERdpB-tg41BUY?authuser=0&hl=th&rclk=1","เฮง เตี๋ยวไก่ซิ่ง","","","อาหารจานด่วน","·","9PQG+XRH ซอยอังคารพัฒนานิมิตร บ้าน","","","https://streetviewpixels-pa.googleapis.com/v1/thumbnail?panoid=_-9gUUt3Du42HCezP8_6ZA&cb_client=search.gws-prod.gps&w=80&h=92&yaw=337.50818&pitch=0&thumbfov=100","สั่งกลับบ้าน","",""
"https://www.google.co.th/maps/place/%E0%B9%81%E0%B8%8B%E0%B8%9A%E0%B8%AD%E0%B8%B4%E0%B8%AA%E0%B8%B2%E0%B8%99/data=!4m7!3m6!1s0x313c0b002ee29c7f:0xd0308459c9259c62!8m2!3d17.4393281!4d104.7345937!16s%2Fg%2F11y2gsxwqn!19sChIJf5ziLgALPDERYpwlyVmEMNA?authuser=0&hl=th&rclk=1","แซบอิสาน","","","ร้านอาหาร","·","CPQM+PRP อาจสามารถ","","","https://maps.gstatic.com/tactile/pane/result-no-thumbnail-1x.png","","",""
"https://www.google.co.th/maps/place/%E0%B8%A3%E0%B9%89%E0%B8%B2%E0%B8%99%E0%B8%AE%E0%B8%B1%E0%B8%81%E0%B8%AB%E0%B8%A7%E0%B8%B2%E0%B8%99/data=!4m7!3m6!1s0x313c0c1126167d9f:0xc54dacac4b05dac9!8m2!3d17.3816901!4d104.7370003!16s%2Fg%2F11c20qjnpg!19sChIJn30WJhEMPDERydoFS6ysTcU?authuser=0&hl=th&rclk=1","ร้านฮักหวาน","","","ร้านอาหาร","·","เลขที่ 426","เปิด","⋅ ปิด 21:00","https://streetviewpixels-pa.googleapis.com/v1/thumbnail?panoid=5ZL12Vol8bCagCav2bXvlQ&cb_client=search.gws-prod.gps&w=80&h=92&yaw=257.49045&pitch=0&thumbfov=100","นั่งรับประทานที่ร้าน","·","สั่งกลับบ้าน"
"https://www.google.co.th/maps/place/%E0%B8%A3%E0%B9%89%E0%B8%B2%E0%B8%99%E0%B8%8A%E0%B8%B2%E0%B8%8D%E0%B9%82%E0%B8%82%E0%B8%87/data=!4m7!3m6!1s0x313c0a2f29d1f1c7:0xfdc9dc7a145c4e01!8m2!3d17.4523658!4d104.7458343!16s%2Fg%2F11c476714n!19sChIJx_HRKS8KPDERAU5cFHrcyf0?authuser=0&hl=th&rclk=1","ร้านชาญโขง","4.3","(131)","ร้านอาหาร","·","FP2W+W8W","เปิด","⋅ ปิด 21:00","https://lh5.googleusercontent.com/p/AF1QipNoo0d47LcTXiDJInkvyMWlquHG7AAKvfBrlLy7=w163-h92-k-no","นั่งรับประทานที่ร้าน","·","สั่งกลับบ้าน"
"https://www.google.co.th/maps/place/%E0%B8%A3%E0%B9%89%E0%B8%B2%E0%B8%99%E0%B8%A3%E0%B8%AA%E0%B8%99%E0%B8%B4%E0%B8%A2%E0%B8%A1+%E0%B8%82%E0%B9%89%E0%B8%B2%E0%B8%A7%E0%B9%81%E0%B8%81%E0%B8%87%E0%B8%96%E0%B8%B8%E0%B8%8720+%E0%B8%AB%E0%B8%99%E0%B8%AD%E0%B8%87%E0%B8%8D%E0%B8%B2%E0%B8%95%E0%B8%B4+%E0%B8%99%E0%B8%84%E0%B8%A3%E0%B8%9E%E0%B8%99%E0%B8%A1/data=!4m7!3m6!1s0x313c0d23c4106119:0xc037777b2f35603b!8m2!3d17.3791042!4d104.7377074!16s%2Fg%2F11r36n604w!19sChIJGWEQxCMNPDERO2A1L3t3N8A?authuser=0&hl=th&rclk=1","ร้านรสนิยม ข้าวแกงถุง20 หนองญาติ นครพนม","5.0","(1)","เหมาะสำหรับครอบครัว","·","เลขที่ 90/3 หมู่ 6 หมู่บ้าน บ้านหนองญาติ","ปิดอยู่","⋅ เปิด 05:00 พฤ.","https://lh5.googleusercontent.com/p/AF1QipN69NjaV_-rfSSiDQOalZyvt2-Pd35fU_tUxPFo=w122-h92-k-no","นั่งรับประทานที่ร้าน","·","สั่งกลับบ้าน"
"https://www.google.co.th/maps/place/%E0%B8%A3%E0%B9%89%E0%B8%B2%E0%B8%99%E0%B8%A0%E0%B8%B9%E0%B8%98%E0%B8%A3%E0%B8%AD%E0%B8%B2%E0%B8%A3%E0%B8%95%E0%B8%B2%E0%B8%A1%E0%B8%AA%E0%B8%B1%E0%B9%88%E0%B8%87/data=!4m7!3m6!1s0x313c0c728e03e357:0xf70b02749f3acfef!8m2!3d17.3890883!4d104.7265536!16s%2Fg%2F11c1nbf5zh!19sChIJV-MDjnIMPDER7886n3QCC_c?authuser=0&hl=th&rclk=1","ร้านภูธรอารตามสั่ง","","","ร้านอาหาร","·","9PQG+JJM","ปิดอยู่","⋅ เปิด 09:30 ศ.","https://lh5.googleusercontent.com/p/AF1QipPyNYLFfzWV03H8SLZqujGbj1v1McP0JcK97U7M=w80-h106-k-no","นั่งรับประทานที่ร้าน","·","สั่งกลับบ้าน"
"https://www.google.co.th/maps/place/%E0%B8%82%E0%B9%89%E0%B8%B2%E0%B8%87%E0%B8%A1%E0%B8%AD%E0%B8%AB%E0%B8%A1%E0%B8%B9%E0%B8%81%E0%B8%A3%E0%B8%B0%E0%B8%97%E0%B8%B0+%E0%B8%AA%E0%B8%B2%E0%B8%82%E0%B8%B2%E0%B8%AB%E0%B8%99%E0%B8%AD%E0%B8%87%E0%B8%8D%E0%B8%B2%E0%B8%95%E0%B8%B4/data=!4m7!3m6!1s0x313c0d18cde131a9:0x8f456e9f880410fe!8m2!3d17.3835352!4d104.7362488!16s%2Fg%2F11y21nmd74!19sChIJqTHhzRgNPDER_hAEiJ9uRY8?authuser=0&hl=th&rclk=1","ข้างมอหมูกระทะ สาขาหนองญาติ","","","ร้านอาหาร","·","464","เปิด","⋅ ปิด 22:30","https://lh5.googleusercontent.com/p/AF1QipOLdxS5Nr6z8xbylJtjNpoInBCtBigUgqqEBylM=w80-h106-k-no","นั่งรับประทานที่ร้าน","·","รับสินค้าโดยไม่ต้องลงจากรถ"
"https://www.google.co.th/maps/place/%E0%B9%80%E0%B8%95%E0%B8%B5%E0%B9%8B%E0%B8%A2%E0%B8%A7%E0%B8%9C%E0%B8%B1%E0%B8%94%E0%B9%84%E0%B8%97%E0%B8%A2%E0%B8%99%E0%B8%B1%E0%B8%A7%E0%B8%AA%E0%B9%8C%E0%B8%82%E0%B9%89%E0%B8%B2%E0%B8%87%E0%B8%A1.%E0%B8%99%E0%B8%84%E0%B8%A3%E0%B8%9E%E0%B8%99%E0%B8%A1/data=!4m7!3m6!1s0x313c0d236541c77b:0xb84fceeab0a8b14e!8m2!3d17.3918555!4d104.7253858!16s%2Fg%2F11ststvxsy!19sChIJe8dBZSMNPDERTrGosOrOT7g?authuser=0&hl=th&rclk=1","เตี๋ยวผัดไทยนัวส์ข้างม.นครพนม","","","ร้านก๋วยเตี๋ยว","·","24 1","ปิดอยู่","⋅ เปิด 10:30 พฤ.","https://streetviewpixels-pa.googleapis.com/v1/thumbnail?panoid=NR0_VCom9REM8KrtdmXEew&cb_client=search.gws-prod.gps&w=80&h=92&yaw=210.61563&pitch=0&thumbfov=100","นั่งรับประทานที่ร้าน","·","ไดรฟ์ทรู"
"https://www.google.co.th/maps/place/%E0%B8%A3%E0%B9%89%E0%B8%B2%E0%B8%99%E0%B8%A5%E0%B8%B2%E0%B8%9A/data=!4m7!3m6!1s0x313c0b0073421d15:0x7594c7e72959f3ef!8m2!3d17.4393281!4d104.7345937!16s%2Fg%2F11vrzzr3b0!19sChIJFR1CcwALPDER7_NZKefHlHU?authuser=0&hl=th&rclk=1","ร้านลาบ","","","ร้านอาหาร","·","CPQM+PRP อาจสามารถ","","","https://maps.gstatic.com/tactile/pane/result-no-thumbnail-1x.png","นั่งรับประทานที่ร้าน","",""
"https://www.google.co.th/maps/place/Aon+Home/data=!4m7!3m6!1s0x313c0de47b253c2b:0x3ad2a2716244a550!8m2!3d17.3775348!4d104.738945!16s%2Fg%2F11j390km1w!19sChIJKzwle-QNPDERUKVEYnGi0jo?authuser=0&hl=th&rclk=1","Aon Home","5.0","(1)","ร้านอาหาร","·","12","ปิดอยู่","⋅ เปิด 06:00 พฤ.","https://lh5.googleusercontent.com/p/AF1QipNeW8V7oeVDaODL1eS0-opNFBAN4z2pZw8Ins3V=w163-h92-k-no","นั่งรับประทานที่ร้าน","·","สั่งกลับบ้าน"
"https://www.google.co.th/maps/place/%E0%B8%81%E0%B9%8B%E0%B8%A7%E0%B8%A2%E0%B9%80%E0%B8%95%E0%B8%B5%E0%B9%8B%E0%B8%A2%E0%B8%A7%E0%B9%80%E0%B8%9B%E0%B9%87%E0%B8%94%E0%B8%AB%E0%B8%99%E0%B8%AD%E0%B8%87%E0%B8%8D%E0%B8%B2%E0%B8%95%E0%B8%B4/data=!4m7!3m6!1s0x313c0c11251830cb:0x99da5f949065cc98!8m2!3d17.3827066!4d104.7368487!16s%2Fg%2F11f3sc0zgk!19sChIJyzAYJREMPDERmMxlkJRf2pk?authuser=0&hl=th&rclk=1","ก๋วยเตี๋ยวเป็ดหนองญาติ","4.3","(27)","ร้านก๋วยเตี๋ยว","·","9PMP+3PQ บ้าน","ปิดอยู่","⋅ เปิด 10:00 พฤ.","https://lh5.googleusercontent.com/p/AF1QipP1qOUNM5dGg5qY65ZvRkWvGvAt0ZvOhnhnZGV3=w122-h92-k-no","นั่งรับประทานที่ร้าน","·","สั่งกลับบ้าน"
"https://www.google.co.th/maps/place/%E0%B8%A3%E0%B9%89%E0%B8%B2%E0%B8%99%E0%B8%84%E0%B8%A3%E0%B8%B1%E0%B8%A7%E0%B9%81%E0%B8%A1%E0%B9%88%E0%B8%88%E0%B8%A3@%E0%B8%9A%E0%B9%89%E0%B8%B2%E0%B8%99%E0%B8%AA%E0%B8%A7%E0%B8%99/data=!4m7!3m6!1s0x313c0da8e3e2dd51:0x84abaf86ee03d065!8m2!3d17.3897113!4d104.7373022!16s%2Fg%2F11y4d21f90!19sChIJUd3i46gNPDERZdAD7oavq4Q?authuser=0&hl=th&rclk=1","ร้านครัวแม่จร@บ้านสวน","","","สลัด","·","280 หมู่11 บ้านนาราชควาย ต.นาราชควาย อ.เมือง","","","https://maps.gstatic.com/tactile/pane/result-no-thumbnail-1x.png","ไดรฟ์ทรู","·","จัดส่งโดยไม่สัมผัส"
"https://www.google.co.th/maps/place/%E0%B8%A3%E0%B9%89%E0%B8%B2%E0%B8%99+%E0%B8%A5%E0%B8%B2%E0%B8%9A%E0%B9%80%E0%B8%9B%E0%B9%87%E0%B8%94+%E0%B8%99%E0%B8%B2%E0%B8%AA%E0%B8%A1%E0%B8%94%E0%B8%B5/data=!4m7!3m6!1s0x313c0bccf1efd931:0x23ef9af92f07de84!8m2!3d17.406083!4d104.7498024!16s%2Fg%2F11f64643ts!19sChIJMdnv8cwLPDERhN4HL_ma7yM?authuser=0&hl=th&rclk=1","ร้าน ลาบเป็ด นาสมดี","4.1","(28)","ร้านอาหาร","·","CP4X+CWM, Unnamed Road","ใกล้ปิดแล้ว","⋅ 20:00 ⋅ เปิด 08:00 พฤ.","https://lh5.googleusercontent.com/p/AF1QipMk8i5PKvQeUnw3SUyy5nhqItz6qiLEpq7pTKaN=w184-h92-k-no","นั่งรับประทานที่ร้าน","·","สั่งกลับบ้าน"
"https://www.google.co.th/maps/place/%E0%B8%AA%E0%B9%89%E0%B8%A1%E0%B8%95%E0%B8%B3%E0%B9%80%E0%B8%88%E0%B9%8A%E0%B8%A7%E0%B8%B4%E0%B8%9A%E0%B9%89%E0%B8%B2%E0%B8%99%E0%B8%99%E0%B8%B2%E0%B8%A3%E0%B8%B2%E0%B8%8A%E0%B8%84%E0%B8%A7%E0%B8%B2%E0%B8%A2/data=!4m7!3m6!1s0x313c0b0bf89eea09:0x8aee0b54b48b3a51!8m2!3d17.4102177!4d104.7235069!16s%2Fg%2F11v5_1fnr6!19sChIJCeqe-AsLPDERUTqLtFQL7oo?authuser=0&hl=th&rclk=1","ส้มตำเจ๊วิบ้านนาราชควาย","","","ร้านอาหาร","·","หมู่10 บ้านนาราชควาย","ปิดอยู่","⋅ เปิด 09:00 พฤ.","https://lh5.googleusercontent.com/p/AF1QipO60zPjGHQVpLVLlyaLscA8v9lp94FhTRju3exT=w163-h92-k-no","นั่งรับประทานที่ร้าน","·","สั่งกลับบ้าน"
"https://www.google.co.th/maps/place/%E0%B8%9A%E0%B9%89%E0%B8%B2%E0%B8%99%E0%B8%84%E0%B8%A3%E0%B8%B9%E0%B9%80%E0%B8%82%E0%B9%87%E0%B8%A1/data=!4m7!3m6!1s0x313c0d2fd0c8ae09:0x5343b13d6002b18a!8m2!3d17.3857675!4d104.7065535!16s%2Fg%2F11g3x7zsxx!19sChIJCa7I0C8NPDERirECYD2xQ1M?authuser=0&hl=th&rclk=1","บ้านครูเข็ม","5.0","(1)","ผู้ผลิตสินค้าอาหาร","·","101","ปิดอยู่","⋅ เปิด 09:00 พฤ.","https://lh5.googleusercontent.com/p/AF1QipNrWg4yqp2nNiIZtLpzWMVmZUJN1YbmQYGtcA_7=w122-h92-k-no","","",""
"https://www.google.co.th/maps/place/%E0%B8%AD%E0%B9%89%E0%B8%99+%E0%B9%80%E0%B8%95%E0%B8%B5%E0%B9%8B%E0%B8%A2%E0%B8%A7%E0%B9%80%E0%B8%A3%E0%B8%B7%E0%B8%AD%E0%B8%A2%E0%B8%81%E0%B8%97%E0%B8%B1%E0%B8%9E/data=!4m7!3m6!1s0x313c0d18e117a83d:0xeac451719435821c!8m2!3d17.3943646!4d104.7259642!16s%2Fg%2F11h_6dmqmx!19sChIJPagX4RgNPDERHII1lHFRxOo?authuser=0&hl=th&rclk=1","อ้น เตี๋ยวเรือยกทัพ","","","ร้านก๋วยเตี๋ยว","·","133 บ้าน","ปิดอยู่","⋅ เปิด 10:00 พฤ.","https://lh5.googleusercontent.com/p/AF1QipMLfgbFL-jirBM8AukGHqEqdDsRaLpBQZUY_0BK=w122-h92-k-no","นั่งรับประทานที่ร้าน","·","สั่งกลับบ้าน"
"https://www.google.co.th/maps/place/%E0%B8%A3%E0%B9%89%E0%B8%B2%E0%B8%99%E0%B9%80%E0%B8%84%E0%B8%B5%E0%B8%A2%E0%B8%87%E0%B9%82%E0%B8%82%E0%B8%87%E0%B8%9B%E0%B8%A5%E0%B8%B2%E0%B8%88%E0%B8%B8%E0%B9%88%E0%B8%A1/data=!4m7!3m6!1s0x313c0a2f41930b91:0xe12dfcc042e1d2da!8m2!3d17.4546149!4d104.7448844!16s%2Fg%2F11b7y86c70!19sChIJkQuTQS8KPDER2tLhQsD8LeE?authuser=0&hl=th&rclk=1","ร้านเคียงโขงปลาจุ่ม","4.5","(67)","ร้านอาหาร","·","FP3V+RXR, บ้าน อาจสามารถ ต อาจสามารถ อ เมือง จ","เปิด","⋅ ปิด 21:00","https://lh5.googleusercontent.com/p/AF1QipPboW-m9mkKbGr5jeJM6KljZtspktktb0vlQPz5=w122-h92-k-no","นั่งรับประทานที่ร้าน","·","สั่งกลับบ้าน"
"https://www.google.co.th/maps/place/%E0%B8%A3%E0%B9%89%E0%B8%B2%E0%B8%99%E0%B8%AD%E0%B8%B2%E0%B8%AB%E0%B8%B2%E0%B8%A3%E0%B8%A3%E0%B8%B0%E0%B9%80%E0%B8%9A%E0%B8%B5%E0%B8%A2%E0%B8%87%E0%B9%82%E0%B8%82%E0%B8%87+%E0%B8%99%E0%B8%84%E0%B8%A3%E0%B8%9E%E0%B8%99%E0%B8%A1/data=!4m7!3m6!1s0x313c09ddc7eb9307:0xb39969858471ef34!8m2!3d17.4056866!4d104.7869915!16s%2Fg%2F11h7vj8d5w!19sChIJB5Prx90JPDERNO9xhIVpmbM?authuser=0&hl=th&rclk=1","ร้านอาหารระเบียงโขง นครพนม","4.4","(156)","ร้านอาหาร","·","·","เปิด","⋅ ปิด 22:00","https://lh5.googleusercontent.com/p/AF1QipNH0zThv94_sITKHCMom5TZcoC8zwKaGCXsrUam=w122-h92-k-no","นั่งรับประทานที่ร้าน","·","รับสินค้าโดยไม่ต้องลงจากรถ"
"https://www.google.co.th/maps/place/%E0%B8%A3%E0%B9%89%E0%B8%B2%E0%B8%99%E0%B8%AD%E0%B8%B2%E0%B8%AB%E0%B8%B2%E0%B8%A3%E0%B8%9A%E0%B9%89%E0%B8%B2%E0%B8%99%E0%B8%99%E0%B8%B3%E0%B8%9E%E0%B8%A3/data=!4m7!3m6!1s0x313c09cf7e247697:0x4b6a89c4f2a2328c!8m2!3d17.39641!4d104.791375!16s%2Fg%2F11tngyztxj!19sChIJl3Ykfs8JPDERjDKi8sSJaks?authuser=0&hl=th&rclk=1","ร้านอาหารบ้านนำพร","4.5","(187)","เหมาะสำหรับครอบครัว","·","2 ซอย ศรีเทพประดิษฐาราม ตำบล ในเมือง อำเภอเมืองนครพนม","เปิด","⋅ ปิด 23:00","https://lh5.googleusercontent.com/p/AF1QipMXrZOB4Tb89Mk0HoKb28hj6EPA9YbKT0wafdF_=w122-h92-k-no","นั่งรับประทานที่ร้าน","·","สั่งกลับบ้าน"
"https://www.google.co.th/maps/place/%E0%B8%A3%E0%B9%89%E0%B8%B2%E0%B8%99%E0%B9%80%E0%B8%99%E0%B8%B7%E0%B9%89%E0%B8%AD%E0%B8%94%E0%B8%B5%E0%B8%99%E0%B8%84%E0%B8%A3%E0%B8%9E%E0%B8%99%E0%B8%A1/data=!4m7!3m6!1s0x313c091e53c6004f:0x570dc88c84e06123!8m2!3d17.4243879!4d104.7741387!16s%2Fg%2F11ns3gd6n6!19sChIJTwDGUx4JPDERI2HghIzIDVc?authuser=0&hl=th&rclk=1","ร้านเนื้อดีนครพนม","4.6","(129)","ร้านอาหาร","·","71 ซอย หมู่มีอุทิศ","เปิด","⋅ ปิด 22:00","https://lh5.googleusercontent.com/p/AF1QipPRKSqHKOsJpb9QjyswrSn3Z6O_IRRxTrof73x7=w122-h92-k-no","นั่งรับประทานที่ร้าน","·","สั่งกลับบ้าน"
"https://www.google.co.th/maps/place/%E0%B8%A3%E0%B9%89%E0%B8%B2%E0%B8%99%E0%B8%A0%E0%B8%B9%E0%B8%95%E0%B8%B0%E0%B8%A7%E0%B8%B1%E0%B8%99+%E0%B8%9B%E0%B8%A5%E0%B8%B2%E0%B8%88%E0%B8%B8%E0%B9%88%E0%B8%A1/data=!4m7!3m6!1s0x313c0a2585d21301:0xb399e3015350ddb2!8m2!3d17.4563313!4d104.7439082!16s%2Fg%2F11b6t01pf3!19sChIJARPShSUKPDERst1QUwHjmbM?authuser=0&hl=th&rclk=1","ร้านภูตะวัน ปลาจุ่ม","4.2","(160)","ร้านอาหาร","·","·","เปิด","⋅ ปิด 21:00","https://lh5.googleusercontent.com/p/AF1QipOkOe8ZizVgiIM0iKdSca3N64OvXntMqMuHtsNT=w122-h92-k-no","นั่งรับประทานที่ร้าน","·","สั่งกลับบ้าน"
"https://www.google.co.th/maps/place/%E0%B8%A3%E0%B9%89%E0%B8%B2%E0%B8%99%E0%B8%81%E0%B9%8B%E0%B8%A7%E0%B8%A2%E0%B9%80%E0%B8%95%E0%B8%B5%E0%B9%8B%E0%B8%A2%E0%B8%A7%E0%B8%AA%E0%B9%89%E0%B8%A1%E0%B8%95%E0%B8%B3%E0%B9%81%E0%B8%A1%E0%B9%88%E0%B8%95%E0%B8%B8%E0%B9%8A%E0%B8%81/data=!4m7!3m6!1s0x313c0b86eba15a25:0xfd628aec095b6bfe!8m2!3d17.4134505!4d104.7141338!16s%2Fg%2F11y53_9sbf!19sChIJJVqh64YLPDER_mtbCeyKYv0?authuser=0&hl=th&rclk=1","ร้านก๋วยเตี๋ยวส้มตำแม่ตุ๊ก","","","ร้านก๋วยเตี๋ยว","·","บ้านนาราชควายน้อย 167","ปิดอยู่","⋅ เปิด 10:00 ส.","https://lh5.googleusercontent.com/p/AF1QipO89-Dyw7aC4fdfsULcFxiNauVPUl645YZYRhrl=w80-h106-k-no","นั่งรับประทานที่ร้าน","·","สั่งกลับบ้าน"
"https://www.google.co.th/maps/place/%E0%B8%A3%E0%B9%89%E0%B8%B2%E0%B8%99%E0%B8%A7%E0%B8%B4%E0%B8%88%E0%B8%B4%E0%B8%95%E0%B8%A3%E0%B8%B2+%E0%B8%9B%E0%B8%A5%E0%B8%B2%E0%B8%88%E0%B8%B8%E0%B9%88%E0%B8%A1-%E0%B8%9B%E0%B8%A5%E0%B8%B2%E0%B9%80%E0%B8%9C%E0%B8%B2/data=!4m7!3m6!1s0x313c097b064560fd:0x5e925b58c8d56c!8m2!3d17.4358837!4d104.7593052!16s%2Fg%2F1hm3frdg9!19sChIJ_WBFBnsJPDERbNXIWFuSXgA?authuser=0&hl=th&rclk=1","ร้านวิจิตรา ปลาจุ่ม-ปลาเผา","4.4","(75)","ร้านอาหาร","·","85/1 ถ.นครพนม-ท่าอุเทน ต.อาจสามารถ อ.เมือง จ","ใกล้ปิดแล้ว","⋅ 20:00 ⋅ เปิด 10:00 พฤ.","https://lh5.googleusercontent.com/p/AF1QipNXJWTnp2N7HUH1W28VMlVgqRI-AgJK5hkguRzp=w194-h92-k-no","นั่งรับประทานที่ร้าน","·","สั่งกลับบ้าน"
"https://www.google.co.th/maps/place/%E0%B8%A3%E0%B9%89%E0%B8%B2%E0%B8%99%E0%B8%AB%E0%B8%A1%E0%B8%B9%E0%B8%88%E0%B8%B8%E0%B9%88%E0%B8%A1+%E0%B9%81%E0%B8%A1%E0%B9%88%E0%B8%AA%E0%B8%A1%E0%B8%AB%E0%B8%A7%E0%B8%B1%E0%B8%87/data=!4m7!3m6!1s0x313c0d5c14165e55:0x1d01b7e9ac3ca1b0!8m2!3d17.3789819!4d104.7377237!16s%2Fg%2F11j4jtjmh9!19sChIJVV4WFFwNPDERsKE8rOm3AR0?authuser=0&hl=th&rclk=1","ร้านหมูจุ่ม แม่สมหวัง","","","ร้านอาหาร","·","เลขที่ 311 หมู่ 6 หมู่บ้าน บ้านหนองญาติ","","","https://streetviewpixels-pa.googleapis.com/v1/thumbnail?panoid=ddM_zj2GYdXY3ZL8V_hn0Q&cb_client=search.gws-prod.gps&w=80&h=92&yaw=62.28458&pitch=0&thumbfov=100","นั่งรับประทานที่ร้าน","·","สั่งกลับบ้าน"
"https://www.google.co.th/maps/place/%E0%B8%A3%E0%B9%89%E0%B8%B2%E0%B8%99%E0%B8%84%E0%B8%A3%E0%B8%B1%E0%B8%A7%E0%B8%82%E0%B8%B8%E0%B8%99%E0%B9%81%E0%B8%9C%E0%B8%99/data=!4m7!3m6!1s0x313c7242631ce905:0xd9cddfb26347a901!8m2!3d17.340833!4d104.5973651!16s%2Fg%2F11dx934v6p!19sChIJBekcY0JyPDERAalHY7Lfzdk?authuser=0&hl=th&rclk=1","ร้านครัวขุนแผน","4.5","(31)","ร้านอาหาร","·","8HRW+8WQ","เปิด","⋅ ปิด 21:00","https://lh5.googleusercontent.com/p/AF1QipNv-CrU1RB9YXYRaPxnRaFSRHMxRCWYgpsa_lYz=w200-h92-k-no","นั่งรับประทานที่ร้าน","·","สั่งกลับบ้าน"
"https://www.google.co.th/maps/place/%E0%B8%A3%E0%B9%89%E0%B8%B2%E0%B8%99%E0%B8%A2%E0%B8%B2%E0%B8%A2%E0%B9%80%E0%B8%A3%E0%B8%B5%E0%B8%A2%E0%B8%87%E0%B8%84%E0%B8%AD%E0%B8%AB%E0%B8%A1%E0%B8%B9%E0%B8%A2%E0%B9%88%E0%B8%B2%E0%B8%87/data=!4m7!3m6!1s0x313c0d0be592cf4f:0xb8d3e4dca62f30a7!8m2!3d17.3784537!4d104.737839!16s%2Fg%2F11jgy_pkm5!19sChIJT8-S5QsNPDERpzAvptzk07g?authuser=0&hl=th&rclk=1","ร้านยายเรียงคอหมูย่าง","1.0","(1)","ร้านอาหาร","·","9PHQ+94P 2033","เปิด","⋅ ปิด 20:45","https://streetviewpixels-pa.googleapis.com/v1/thumbnail?panoid=vbNySrVEyK7u5bmgXsIk4A&cb_client=search.gws-prod.gps&w=80&h=92&yaw=102.06162&pitch=0&thumbfov=100","นั่งรับประทานที่ร้าน","·","สั่งกลับบ้าน"
"https://www.google.co.th/maps/place/%E0%B8%A3%E0%B9%89%E0%B8%B2%E0%B8%99%E0%B8%AD%E0%B8%B2%E0%B8%AB%E0%B8%B2%E0%B8%A3%E0%B8%9A%E0%B9%89%E0%B8%B2%E0%B8%99%E0%B8%AD%E0%B8%B5%E0%B8%AA%E0%B8%B2%E0%B8%99%E0%B8%99%E0%B8%84%E0%B8%A3%E0%B8%9E%E0%B8%99%E0%B8%A1/data=!4m7!3m6!1s0x313c0f65b98ab315:0x391d01b7f38d8dd6!8m2!3d17.3737!4d104.7941026!16s%2Fg%2F11sssmn9xc!19sChIJFbOKuWUPPDER1o2N87cBHTk?authuser=0&hl=th&rclk=1","ร้านอาหารบ้านอีสานนครพนม","4.5","(45)","เหมาะสำหรับครอบครัว","·","ถนนนครพนม-ธาตุ เทศบาล","เปิด","⋅ ปิด 22:00","https://lh5.googleusercontent.com/p/AF1QipPWkE8_-869RRLcu6bDGgP2HasONCTth_HahJ4_=w80-h106-k-no","นั่งรับประทานที่ร้าน","·","รับสินค้าโดยไม่ต้องลงจากรถ"
"https://www.google.co.th/maps/place/%E0%B8%A3%E0%B9%89%E0%B8%B2%E0%B8%99%E0%B8%AD%E0%B8%B2%E0%B8%AB%E0%B8%B2%E0%B8%A3%E0%B8%AA%E0%B8%A7%E0%B8%99%E0%B8%A3%E0%B8%B8%E0%B9%88%E0%B8%87%E0%B9%80%E0%B8%A3%E0%B8%B7%E0%B8%AD%E0%B8%87/data=!4m7!3m6!1s0x313c092dabd21fc1:0xedff1277bbcb4ded!8m2!3d17.3736098!4d104.7927629!16s%2Fg%2F1pzycl_s8!19sChIJwR_Sqy0JPDER7U3Lu3cS_-0?authuser=0&hl=th&rclk=1","ร้านอาหารสวนรุ่งเรือง","3.9","(39)","ร้านอาหารแนวคันทรี","·","·","","","https://lh5.googleusercontent.com/p/AF1QipPjSxSC-YwO9-y_9hB1MeGWxc2zITYj1XJQbJlq=w123-h92-k-no","นั่งรับประทานที่ร้าน","·","รับสินค้าโดยไม่ต้องลงจากรถ"
"https://www.google.co.th/maps/place/%E0%B8%9A%E0%B9%89%E0%B8%B2%E0%B8%99%E0%B8%AD%E0%B8%B4%E0%B8%AA%E0%B8%A3%E0%B8%B0+By+%E0%B9%80%E0%B8%A3%E0%B8%B7%E0%B8%AD%E0%B8%97%E0%B8%B0%E0%B9%80%E0%B8%A5/data=!4m7!3m6!1s0x313c0f87f416d67b:0x434df871878a5c82!8m2!3d17.3744945!4d104.7929707!16s%2Fg%2F11spr12yhz!19sChIJe9YW9IcPPDERglyKh3H4TUM?authuser=0&hl=th&rclk=1","บ้านอิสระ By เรือทะเล","4.8","(173)","ร้านอาหาร","·","","เปิด","⋅ ปิด 22:00","https://lh5.googleusercontent.com/p/AF1QipNgE4uF5cEzhvvQ0WhNxUTpUqFANzu8gMxFn5eG=w122-h92-k-no","นั่งรับประทานที่ร้าน","·","สั่งกลับบ้าน"
"https://www.google.co.th/maps/place/%E0%B8%A3%E0%B9%89%E0%B8%B2%E0%B8%99%E0%B8%AD%E0%B8%B2%E0%B8%AB%E0%B8%B2%E0%B8%A3%E0%B9%80%E0%B8%A3%E0%B8%B7%E0%B8%AD%E0%B8%99%E0%B8%A3%E0%B8%B4%E0%B8%A1%E0%B8%99%E0%B9%89%E0%B8%B3/data=!4m7!3m6!1s0x313c09157f9073ed:0xd096bc175595d9c3!8m2!3d17.4188487!4d104.7782812!16s%2Fg%2F1hm2grl1t!19sChIJ7XOQfxUJPDERw9mVVRe8ltA?authuser=0&hl=th&rclk=1","ร้านอาหารเรือนริมน้ำ","3.8","(486)","ร้านอาหาร","·","83 ถนน สุนทรวิจิตร","เปิด","⋅ ปิด 23:00","https://lh5.googleusercontent.com/p/AF1QipN04I65jyqsDJ4qfkYhWwG31Lt2x6dduSm9PUvB=w138-h92-k-no","นั่งรับประทานที่ร้าน","·","สั่งกลับบ้าน"
"https://www.google.co.th/maps/place/%E0%B8%A3%E0%B9%89%E0%B8%B2%E0%B8%99%E0%B8%84%E0%B8%B3%E0%B9%80%E0%B8%81%E0%B8%B4%E0%B9%89%E0%B8%A1%E0%B8%A5%E0%B8%B2%E0%B8%9A%E0%B9%84%E0%B8%81%E0%B9%88%E0%B8%87%E0%B8%A7%E0%B8%87/data=!4m7!3m6!1s0x313c096225d8c727:0xe059852f6da3d4ae!8m2!3d17.4266888!4d104.7541636!16s%2Fg%2F11bxfm7bjq!19sChIJJ8fYJWIJPDERrtSjbS-FWeA?authuser=0&hl=th&rclk=1","ร้านคำเกิ้มลาบไก่งวง","4.2","(131)","ร้านอาหาร","·","CQG3+MMF","ใกล้ปิดแล้ว","⋅ 20:00 ⋅ เปิด 09:00 พฤ.","https://lh5.googleusercontent.com/p/AF1QipNpTCv7vr2HD0dOCwoT4lXlYRdlu6-mZTCl1Mwx=w122-h92-k-no","นั่งรับประทานที่ร้าน","·","สั่งกลับบ้าน"
"https://www.google.co.th/maps/place/%E0%B8%99%E0%B8%84%E0%B8%A399+%E0%B8%AB%E0%B8%A1%E0%B8%B9%E0%B8%81%E0%B8%A3%E0%B8%B0%E0%B8%97%E0%B8%B0%26%E0%B9%81%E0%B8%88%E0%B9%88%E0%B8%A7%E0%B8%AE%E0%B9%89%E0%B8%AD%E0%B8%99/data=!4m7!3m6!1s0x313c0d2d1f1dfd6f:0x48de16577e60003c!8m2!3d17.3824879!4d104.7443373!16s%2Fg%2F11t4_gf_cb!19sChIJb_0dHy0NPDERPABgflcW3kg?authuser=0&hl=th&rclk=1","นคร99 หมูกระทะ&แจ่วฮ้อน","5.0","(6)","ร้านอาหาร","·","9PJW+V3J","เปิด","⋅ ปิด 22:00","https://lh5.googleusercontent.com/p/AF1QipME9loSfX8iFem5eCnmVJRGWE6vCR45ajhv-U38=w80-h106-k-no","นั่งรับประทานที่ร้าน","·","สั่งกลับบ้าน"
"https://www.google.co.th/maps/place/%E0%B8%A3%E0%B9%89%E0%B8%B2%E0%B8%99%E0%B8%AD%E0%B8%B2%E0%B8%AB%E0%B8%B2%E0%B8%A3%E0%B8%9A%E0%B9%89%E0%B8%B2%E0%B8%99%E0%B8%9B%E0%B9%89%E0%B8%AD%E0%B8%A1/data=!4m7!3m6!1s0x313c09002dd1dcf7:0x50974e8091e0d341!8m2!3d17.4158763!4d104.7797559!16s%2Fg%2F11vsxxs56n!19sChIJ99zRLQAJPDERQdPgkYBOl1A?authuser=0&hl=th&rclk=1","ร้านอาหารบ้านป้อม","5.0","(1)","ร้านอาหาร","·","130 ซอย สุนทรวิจิตร","ใกล้ปิดแล้ว","⋅ 20:00 ⋅ เปิด 10:00 พฤ.","https://streetviewpixels-pa.googleapis.com/v1/thumbnail?panoid=DcYAorWLjYyk0t2guMC8vw&cb_client=search.gws-prod.gps&w=80&h=92&yaw=235.81232&pitch=0&thumbfov=100","สั่งกลับบ้าน","",""
"https://www.google.co.th/maps/place/Mae+Boon+%E0%B8%A3%E0%B9%89%E0%B8%B2%E0%B8%99%E0%B8%AD%E0%B8%B2%E0%B8%AB%E0%B8%B2%E0%B8%A3%E0%B8%9A%E0%B9%89%E0%B8%B2%E0%B8%99%E0%B9%81%E0%B8%A1%E0%B9%88%E0%B8%9A%E0%B8%B8%E0%B8%8D+%2F+Baan+Mae+Boon+Restaurant+for+Crispy+Pork/data=!4m7!3m6!1s0x313c09365dbbc2cf:0xb89f116ba27ef2fb!8m2!3d17.3830242!4d104.7506088!16s%2Fg%2F11ghphlmcl!19sChIJz8K7XTYJPDER-_J-omsRn7g?authuser=0&hl=th&rclk=1","Mae Boon ร้านอาหารบ้านแม่บุญ / Baan Mae Boon Restaurant for Crispy Pork","4.4","(31)","ไทย","·","21 ถนน นิตโย","ปิดอยู่","⋅ เปิด 08:00 พฤ.","https://lh5.googleusercontent.com/p/AF1QipMmyACfruCBHoFvZldvdoRyM6-XAcDElYDu4TRK=w163-h92-k-no","นั่งรับประทานที่ร้าน","·","สั่งกลับบ้าน"
"https://www.google.co.th/maps/place/%E0%B8%A3%E0%B9%89%E0%B8%B2%E0%B8%99%E0%B8%8B%E0%B8%B8%E0%B8%A1%E0%B9%81%E0%B8%8B%E0%B8%A7+%E0%B8%AD%E0%B8%B2%E0%B8%AB%E0%B8%B2%E0%B8%A3%E0%B8%AD%E0%B8%B5%E0%B8%AA%E0%B8%B2%E0%B8%99%E0%B8%AA%E0%B8%B8%E0%B8%94%E0%B9%81%E0%B8%8B%E0%B8%9A/data=!4m7!3m6!1s0x313c72f06139b647:0x9018387cb93fbd54!8m2!3d17.3485941!4d104.6211979!16s%2Fg%2F11clxd9tk2!19sChIJR7Y5YfByPDERVL0_uXw4GJA?authuser=0&hl=th&rclk=1","ร้านซุมแซว อาหารอีสานสุดแซบ","3.6","(7)","ร้านอาหาร","·","8JXC+CFP ซอย ติวานนท์ 24","ใกล้ปิดแล้ว","⋅ 20:00 ⋅ เปิด 09:00 พฤ.","https://lh5.googleusercontent.com/p/AF1QipOh7c71rNJRt30RlXorjGTba8YecCe120R3ndTX=w163-h92-k-no","นั่งรับประทานที่ร้าน","·","สั่งกลับบ้าน"
"","","","","","","","","","","","",""